"unsigned char audio_PipeWarp_noheader_wav[] = {",,,
0,"7f",127,1
0,80,128,2
0,81,129,3
0,80,128,4
0,80,128,5
0,80,128,6
0,80,128,7
0,80,128,8
0,80,128,9
0,80,128,10
0,80,128,11
0,"7f",127,12
0,80,128,13
0,80,128,14
0,80,128,15
0,80,128,16
0,80,128,17
0,80,128,18
0,80,128,19
0,80,128,20
0,80,128,21
0,81,129,22
0,80,128,23
0,80,128,24
0,81,129,25
0,80,128,26
0,81,129,27
0,80,128,28
0,80,128,29
0,80,128,30
0,80,128,31
0,80,128,32
0,81,129,33
0,80,128,34
0,81,129,35
0,"7f",127,36
0,80,128,37
0,"7f",127,38
0,"7f",127,39
0,80,128,40
0,80,128,41
0,"7f",127,42
0,"7f",127,43
0,80,128,44
0,80,128,45
0,"7f",127,46
0,81,129,47
0,80,128,48
0,80,128,49
0,80,128,50
0,80,128,51
0,80,128,52
0,"7f",127,53
0,81,129,54
0,80,128,55
0,81,129,56
0,"7f",127,57
0,81,129,58
0,"7f",127,59
0,81,129,60
0,80,128,61
0,81,129,62
0,"7f",127,63
0,80,128,64
0,"7f",127,65
0,76,118,66
0,71,113,67
0,73,115,68
0,86,134,69
0,90,144,70
0,"8a",138,71
0,78,120,72
0,72,114,73
0,73,115,74
0,83,131,75
0,91,145,76
0,"8c",140,77
0,"7c",124,78
0,"6f",111,79
0,76,118,80
0,87,135,81
0,91,145,82
0,"8a",138,83
0,78,120,84
0,72,114,85
0,74,116,86
0,83,131,87
0,90,144,88
0,"8b",139,89
0,"7b",123,90
0,"6f",111,91
0,75,117,92
0,88,136,93
0,"8f",143,94
0,"8c",140,95
0,"7f",127,96
0,"6f",111,97
0,75,117,98
0,82,130,99
0,90,144,100
0,"8b",139,101
0,"7b",123,102
0,"6f",111,103
0,75,117,104
0,88,136,105
0,"8f",143,106
0,"8c",140,107
0,"7e",126,108
0,70,112,109
0,75,117,110
0,84,132,111
0,92,146,112
0,"8b",139,113
0,"7a",122,114
0,"6f",111,115
0,76,118,116
0,89,137,117
0,"8e",142,118
0,"8c",140,119
0,"7d",125,120
0,"6f",111,121
0,75,117,122
0,85,133,123
0,90,144,124
0,"8a",138,125
0,78,120,126
0,71,113,127
0,73,115,128
0,81,129,129
0,91,145,130
0,"8c",140,131
0,"7c",124,132
0,"6f",111,133
0,76,118,134
0,85,133,135
0,91,145,136
0,"8b",139,137
0,77,119,138
0,71,113,139
0,73,115,140
0,82,130,141
0,91,145,142
0,"8c",140,143
0,"7c",124,144
0,70,112,145
0,75,117,146
0,86,134,147
0,"8f",143,148
0,"8e",142,149
0,80,128,150
0,70,112,151
0,73,115,152
0,82,130,153
0,90,144,154
0,"8c",140,155
0,"7b",123,156
0,"6f",111,157
0,75,117,158
0,87,135,159
0,"8f",143,160
0,"8d",141,161
0,"7f",127,162
0,70,112,163
0,74,116,164
0,83,131,165
0,90,144,166
0,"8c",140,167
0,"7a",122,168
0,71,113,169
0,73,115,170
0,80,128,171
0,91,145,172
0,"8d",141,173
0,"7e",126,174
0,70,112,175
0,74,116,176
0,84,132,177
0,90,144,178
0,"8d",141,179
0,79,121,180
0,72,114,181
0,73,115,182
0,81,129,183
0,"8f",143,184
0,"8d",141,185
0,"7d",125,186
0,71,113,187
0,72,114,188
0,86,134,189
0,"8d",141,190
0,"8f",143,191
0,81,129,192
0,71,113,193
0,72,114,194
0,82,130,195
0,90,144,196
0,"8d",141,197
0,"7c",124,198
0,70,112,199
0,74,116,200
0,75,117,201
0,"8c",140,202
0,"8e",142,203
0,"8c",140,204
0,"8f",143,205
0,85,133,206
0,71,113,207
0,74,116,208
0,71,113,209
0,75,117,210
0,"8b",139,211
0,"8e",142,212
0,"8c",140,213
0,"8f",143,214
0,87,135,215
0,72,114,216
0,74,116,217
0,72,114,218
0,74,116,219
0,89,137,220
0,90,144,221
0,"8b",139,222
0,"8f",143,223
0,"7e",126,224
0,70,112,225
0,74,116,226
0,73,115,227
0,73,115,228
0,88,136,229
0,90,144,230
0,"8c",140,231
0,90,144,232
0,"7f",127,233
0,71,113,234
0,73,115,235
0,73,115,236
0,72,114,237
0,86,134,238
0,90,144,239
0,"8c",140,240
0,90,144,241
0,82,130,242
0,71,113,243
0,74,116,244
0,71,113,245
0,76,118,246
0,"8b",139,247
0,"8e",142,248
0,"8c",140,249
0,"8f",143,250
0,84,132,251
0,71,113,252
0,73,115,253
0,72,114,254
0,75,117,255
0,"8b",139,256
0,"8f",143,257
0,"8b",139,258
0,"8f",143,259
0,86,134,260
0,71,113,261
0,74,116,262
0,72,114,263
0,74,116,264
0,89,137,265
0,"8f",143,266
0,"8c",140,267
0,"8f",143,268
0,88,136,269
0,72,114,270
0,73,115,271
0,72,114,272
0,73,115,273
0,87,135,274
0,"8f",143,275
0,"8c",140,276
0,"8f",143,277
0,81,129,278
0,70,112,279
0,74,116,280
0,73,115,281
0,72,114,282
0,85,133,283
0,91,145,284
0,"8b",139,285
0,91,145,286
0,81,129,287
0,71,113,288
0,73,115,289
0,73,115,290
0,72,114,291
0,84,132,292
0,90,144,293
0,"8a",138,294
0,91,145,295
0,83,131,296
0,72,114,297
0,74,116,298
0,73,115,299
0,71,113,300
0,83,131,301
0,"8f",143,302
0,"8b",139,303
0,90,144,304
0,84,132,305
0,71,113,306
0,74,116,307
0,73,115,308
0,75,117,309
0,"8a",138,310
0,90,144,311
0,"8c",140,312
0,90,144,313
0,87,135,314
0,72,114,315
0,74,116,316
0,73,115,317
0,73,115,318
0,88,136,319
0,"8e",142,320
0,"8c",140,321
0,"8f",143,322
0,89,137,323
0,73,115,324
0,73,115,325
0,73,115,326
0,72,114,327
0,86,134,328
0,"8f",143,329
0,"8b",139,330
0,90,144,331
0,82,130,332
0,70,112,333
0,74,116,334
0,72,114,335
0,74,116,336
0,72,114,337
0,73,115,338
0,89,137,339
0,"8f",143,340
0,"8c",140,341
0,"8e",142,342
0,"8c",140,343
0,"8e",142,344
0,"8a",138,345
0,76,118,346
0,72,114,347
0,74,116,348
0,71,113,349
0,74,116,350
0,"6f",111,351
0,81,129,352
0,90,144,353
0,"8d",141,354
0,"8d",141,355
0,"8d",141,356
0,"8d",141,357
0,90,144,358
0,"7e",126,359
0,"6f",111,360
0,75,117,361
0,72,114,362
0,73,115,363
0,73,115,364
0,72,114,365
0,84,132,366
0,90,144,367
0,"8b",139,368
0,"8f",143,369
0,"8b",139,370
0,90,144,371
0,87,135,372
0,74,116,373
0,73,115,374
0,74,116,375
0,72,114,376
0,74,116,377
0,71,113,378
0,"7b",123,379
0,"8f",143,380
0,"8d",141,381
0,"8d",141,382
0,"8d",141,383
0,"8c",140,384
0,"8f",143,385
0,83,131,386
0,70,112,387
0,74,116,388
0,72,114,389
0,73,115,390
0,73,115,391
0,73,115,392
0,87,135,393
0,"8e",142,394
0,"8c",140,395
0,"8d",141,396
0,"8c",140,397
0,"8e",142,398
0,"8c",140,399
0,76,118,400
0,72,114,401
0,75,117,402
0,71,113,403
0,75,117,404
0,70,112,405
0,"7f",127,406
0,"8f",143,407
0,"8d",141,408
0,"8d",141,409
0,"8e",142,410
0,"8c",140,411
0,90,144,412
0,"7f",127,413
0,70,112,414
0,74,116,415
0,72,114,416
0,74,116,417
0,73,115,418
0,71,113,419
0,83,131,420
0,90,144,421
0,"8b",139,422
0,"8f",143,423
0,"8b",139,424
0,90,144,425
0,88,136,426
0,74,116,427
0,72,114,428
0,74,116,429
0,71,113,430
0,74,116,431
0,71,113,432
0,79,121,433
0,"8e",142,434
0,"8e",142,435
0,"8c",140,436
0,"8e",142,437
0,"8c",140,438
0,"8f",143,439
0,85,133,440
0,71,113,441
0,74,116,442
0,72,114,443
0,73,115,444
0,74,116,445
0,72,114,446
0,88,136,447
0,90,144,448
0,"8c",140,449
0,"8e",142,450
0,"8d",141,451
0,"8e",142,452
0,"8c",140,453
0,78,120,454
0,71,113,455
0,75,117,456
0,71,113,457
0,75,117,458
0,70,112,459
0,"7d",125,460
0,"8f",143,461
0,"8c",140,462
0,"8d",141,463
0,"8d",141,464
0,"8c",140,465
0,"8f",143,466
0,89,137,467
0,73,115,468
0,72,114,469
0,73,115,470
0,73,115,471
0,72,114,472
0,72,114,473
0,73,115,474
0,73,115,475
0,73,115,476
0,73,115,477
0,"8b",139,478
0,"8d",141,479
0,"8c",140,480
0,"8e",142,481
0,"8c",140,482
0,"8d",141,483
0,"8d",141,484
0,"8d",141,485
0,"8c",140,486
0,"8f",143,487
0,79,121,488
0,71,113,489
0,74,116,490
0,72,114,491
0,74,116,492
0,72,114,493
0,73,115,494
0,72,114,495
0,74,116,496
0,71,113,497
0,83,131,498
0,90,144,499
0,"8d",141,500
0,"8d",141,501
0,"8d",141,502
0,"8e",142,503
0,"8d",141,504
0,"8e",142,505
0,"8d",141,506
0,"8e",142,507
0,77,119,508
0,71,113,509
0,74,116,510
0,72,114,511
0,74,116,512
0,73,115,513
0,74,116,514
0,72,114,515
0,74,116,516
0,70,112,517
0,84,132,518
0,90,144,519
0,"8c",140,520
0,"8e",142,521
0,"8c",140,522
0,"8e",142,523
0,"8c",140,524
0,"8e",142,525
0,"8c",140,526
0,90,144,527
0,80,128,528
0,71,113,529
0,74,116,530
0,72,114,531
0,74,116,532
0,72,114,533
0,74,116,534
0,72,114,535
0,74,116,536
0,70,112,537
0,"7d",125,538
0,"8f",143,539
0,"8b",139,540
0,"8f",143,541
0,"8d",141,542
0,"8f",143,543
0,"8c",140,544
0,"8e",142,545
0,"8c",140,546
0,"8f",143,547
0,87,135,548
0,72,114,549
0,73,115,550
0,72,114,551
0,73,115,552
0,73,115,553
0,73,115,554
0,72,114,555
0,73,115,556
0,72,114,557
0,76,118,558
0,"8c",140,559
0,"8e",142,560
0,"8c",140,561
0,"8d",141,562
0,"8d",141,563
0,"8c",140,564
0,"8e",142,565
0,"8d",141,566
0,"8d",141,567
0,"8d",141,568
0,76,118,569
0,72,114,570
0,74,116,571
0,72,114,572
0,74,116,573
0,73,115,574
0,74,116,575
0,73,115,576
0,74,116,577
0,71,113,578
0,86,134,579
0,"8f",143,580
0,"8c",140,581
0,"8e",142,582
0,"8d",141,583
0,"8e",142,584
0,"8c",140,585
0,"8e",142,586
0,"8c",140,587
0,"8f",143,588
0,"7f",127,589
0,70,112,590
0,75,117,591
0,72,114,592
0,74,116,593
0,72,114,594
0,73,115,595
0,71,113,596
0,74,116,597
0,71,113,598
0,"7e",126,599
0,90,144,600
0,"8c",140,601
0,"8f",143,602
0,"8c",140,603
0,"8e",142,604
0,"8c",140,605
0,"8d",141,606
0,"8d",141,607
0,"8d",141,608
0,"8d",141,609
0,"8d",141,610
0,"8c",140,611
0,"8d",141,612
0,"8c",140,613
0,77,119,614
0,72,114,615
0,74,116,616
0,72,114,617
0,73,115,618
0,73,115,619
0,74,116,620
0,72,114,621
0,73,115,622
0,72,114,623
0,73,115,624
0,72,114,625
0,73,115,626
0,74,116,627
0,70,112,628
0,84,132,629
0,90,144,630
0,"8c",140,631
0,"8f",143,632
0,"8c",140,633
0,"8e",142,634
0,"8d",141,635
0,"8d",141,636
0,"8d",141,637
0,"8d",141,638
0,"8e",142,639
0,"8d",141,640
0,"8d",141,641
0,"8c",140,642
0,"8f",143,643
0,82,130,644
0,71,113,645
0,74,116,646
0,72,114,647
0,74,116,648
0,73,115,649
0,73,115,650
0,73,115,651
0,72,114,652
0,73,115,653
0,73,115,654
0,74,116,655
0,72,114,656
0,75,117,657
0,71,113,658
0,81,129,659
0,"8f",143,660
0,"8c",140,661
0,"8d",141,662
0,"8d",141,663
0,"8e",142,664
0,"8d",141,665
0,"8d",141,666
0,"8d",141,667
0,"8c",140,668
0,"8e",142,669
0,"8d",141,670
0,"8f",143,671
0,"8b",139,672
0,"8f",143,673
0,85,133,674
0,71,113,675
0,74,116,676
0,73,115,677
0,73,115,678
0,74,116,679
0,72,114,680
0,74,116,681
0,73,115,682
0,73,115,683
0,71,113,684
0,74,116,685
0,72,114,686
0,74,116,687
0,71,113,688
0,77,119,689
0,"8c",140,690
0,"8e",142,691
0,"8c",140,692
0,"8e",142,693
0,"8c",140,694
0,"8f",143,695
0,"8c",140,696
0,"8e",142,697
0,"8c",140,698
0,"8e",142,699
0,"8d",141,700
0,"8e",142,701
0,"8d",141,702
0,"8d",141,703
0,"8e",142,704
0,78,120,705
0,72,114,706
0,74,116,707
0,72,114,708
0,74,116,709
0,73,115,710
0,73,115,711
0,73,115,712
0,73,115,713
0,73,115,714
0,72,114,715
0,73,115,716
0,71,113,717
0,74,116,718
0,71,113,719
0,83,131,720
0,90,144,721
0,"8c",140,722
0,"8e",142,723
0,"8d",141,724
0,"8e",142,725
0,"8c",140,726
0,"8c",140,727
0,"8e",142,728
0,"8d",141,729
0,"8d",141,730
0,"8e",142,731
0,"8d",141,732
0,"8d",141,733
0,79,121,734
0,72,114,735
0,72,114,736
0,81,129,737
0,90,144,738
0,"8c",140,739
0,"7e",126,740
0,70,112,741
0,74,116,742
0,84,132,743
0,91,145,744
0,"8b",139,745
0,79,121,746
0,71,113,747
0,73,115,748
0,80,128,749
0,90,144,750
0,"8d",141,751
0,"7e",126,752
0,70,112,753
0,75,117,754
0,86,134,755
0,"8f",143,756
0,"8d",141,757
0,81,129,758
0,70,112,759
0,73,115,760
0,81,129,761
0,90,144,762
0,"8d",141,763
0,"7d",125,764
0,71,113,765
0,74,116,766
0,86,134,767
0,"8f",143,768
0,"8e",142,769
0,80,128,770
0,70,112,771
0,73,115,772
0,82,130,773
0,91,145,774
0,"8c",140,775
0,"7b",123,776
0,70,112,777
0,73,115,778
0,87,135,779
0,"8f",143,780
0,"8e",142,781
0,80,128,782
0,70,112,783
0,73,115,784
0,83,131,785
0,90,144,786
0,"8d",141,787
0,"7b",123,788
0,71,113,789
0,72,114,790
0,"7f",127,791
0,90,144,792
0,"8e",142,793
0,80,128,794
0,71,113,795
0,74,116,796
0,83,131,797
0,90,144,798
0,"8d",141,799
0,"7a",122,800
0,71,113,801
0,72,114,802
0,"7f",127,803
0,"8f",143,804
0,"8d",141,805
0,"7e",126,806
0,70,112,807
0,73,115,808
0,85,133,809
0,"8f",143,810
0,"8e",142,811
0,83,131,812
0,71,113,813
0,72,114,814
0,80,128,815
0,90,144,816
0,"8d",141,817
0,"7e",126,818
0,71,113,819
0,72,114,820
0,85,133,821
0,"8f",143,822
0,"8e",142,823
0,82,130,824
0,70,112,825
0,72,114,826
0,81,129,827
0,"8f",143,828
0,"8e",142,829
0,"7c",124,830
0,72,114,831
0,71,113,832
0,"7d",125,833
0,"8f",143,834
0,"8f",143,835
0,80,128,836
0,71,113,837
0,72,114,838
0,82,130,839
0,"8f",143,840
0,"8f",143,841
0,"7c",124,842
0,72,114,843
0,71,113,844
0,"7e",126,845
0,"8f",143,846
0,"8f",143,847
0,80,128,848
0,72,114,849
0,72,114,850
0,83,131,851
0,"8e",142,852
0,90,144,853
0,83,131,854
0,72,114,855
0,71,113,856
0,"7f",127,857
0,"8f",143,858
0,"8f",143,859
0,"7f",127,860
0,71,113,861
0,71,113,862
0,83,131,863
0,"8f",143,864
0,"8d",141,865
0,85,133,866
0,"6f",111,867
0,75,117,868
0,71,113,869
0,"7e",126,870
0,"8f",143,871
0,"8b",139,872
0,"8f",143,873
0,"8a",138,874
0,75,117,875
0,71,113,876
0,75,117,877
0,70,112,878
0,85,133,879
0,"8f",143,880
0,"8c",140,881
0,"8d",141,882
0,"8b",139,883
0,76,118,884
0,71,113,885
0,74,116,886
0,70,112,887
0,82,130,888
0,"8f",143,889
0,"8c",140,890
0,"8e",142,891
0,"8d",141,892
0,77,119,893
0,71,113,894
0,75,117,895
0,"6f",111,896
0,81,129,897
0,"8f",143,898
0,"8c",140,899
0,"8e",142,900
0,"8e",142,901
0,79,121,902
0,71,113,903
0,75,117,904
0,70,112,905
0,"7f",127,906
0,90,144,907
0,"8b",139,908
0,"8f",143,909
0,89,137,910
0,74,116,911
0,72,114,912
0,74,116,913
0,70,112,914
0,"7c",124,915
0,"8f",143,916
0,"8b",139,917
0,"8f",143,918
0,"8a",138,919
0,75,117,920
0,73,115,921
0,75,117,922
0,71,113,923
0,"7b",123,924
0,90,144,925
0,"8b",139,926
0,"8e",142,927
0,"8b",139,928
0,76,118,929
0,72,114,930
0,74,116,931
0,71,113,932
0,"7b",123,933
0,"8e",142,934
0,"8c",140,935
0,"8e",142,936
0,"8d",141,937
0,77,119,938
0,70,112,939
0,74,116,940
0,70,112,941
0,82,130,942
0,90,144,943
0,"8c",140,944
0,"8e",142,945
0,"8d",141,946
0,78,120,947
0,70,112,948
0,74,116,949
0,"6f",111,950
0,80,128,951
0,"8f",143,952
0,"8d",141,953
0,"8d",141,954
0,"8e",142,955
0,"7a",122,956
0,71,113,957
0,76,118,958
0,70,112,959
0,"7d",125,960
0,90,144,961
0,"8b",139,962
0,"8f",143,963
0,89,137,964
0,74,116,965
0,72,114,966
0,74,116,967
0,71,113,968
0,"7c",124,969
0,"8f",143,970
0,"8d",141,971
0,"8e",142,972
0,"8b",139,973
0,76,118,974
0,72,114,975
0,74,116,976
0,72,114,977
0,"7b",123,978
0,"8e",142,979
0,"8d",141,980
0,"8e",142,981
0,"8c",140,982
0,77,119,983
0,72,114,984
0,74,116,985
0,71,113,986
0,78,120,987
0,"8e",142,988
0,"8d",141,989
0,"8e",142,990
0,"8d",141,991
0,78,120,992
0,71,113,993
0,75,117,994
0,70,112,995
0,81,129,996
0,"8f",143,997
0,"8c",140,998
0,"8e",142,999
0,"8e",142,1000
0,"7a",122,1001
0,70,112,1002
0,74,116,1003
0,72,114,1004
0,74,116,1005
0,72,114,1006
0,74,116,1007
0,89,137,1008
0,"8f",143,1009
0,"8b",139,1010
0,90,144,1011
0,"8b",139,1012
0,90,144,1013
0,84,132,1014
0,72,114,1015
0,73,115,1016
0,73,115,1017
0,72,114,1018
0,73,115,1019
0,70,112,1020
0,"7f",127,1021
0,90,144,1022
0,"8c",140,1023
0,"8e",142,1024
0,"8d",141,1025
0,"8d",141,1026
0,"8f",143,1027
0,"7f",127,1028
0,70,112,1029
0,75,117,1030
0,71,113,1031
0,74,116,1032
0,71,113,1033
0,76,118,1034
0,"8b",139,1035
0,"8e",142,1036
0,"8c",140,1037
0,"8e",142,1038
0,"8c",140,1039
0,"8f",143,1040
0,88,136,1041
0,73,115,1042
0,72,114,1043
0,73,115,1044
0,72,114,1045
0,73,115,1046
0,70,112,1047
0,82,130,1048
0,90,144,1049
0,"8c",140,1050
0,"8d",141,1051
0,"8d",141,1052
0,"8d",141,1053
0,"8e",142,1054
0,"7b",123,1055
0,71,113,1056
0,74,116,1057
0,72,114,1058
0,74,116,1059
0,72,114,1060
0,73,115,1061
0,87,135,1062
0,"8f",143,1063
0,"8c",140,1064
0,"8f",143,1065
0,"8b",139,1066
0,90,144,1067
0,85,133,1068
0,71,113,1069
0,73,115,1070
0,73,115,1071
0,72,114,1072
0,74,116,1073
0,70,112,1074
0,"7e",126,1075
0,"8f",143,1076
0,"8c",140,1077
0,"8d",141,1078
0,"8e",142,1079
0,"8c",140,1080
0,"8f",143,1081
0,81,129,1082
0,70,112,1083
0,74,116,1084
0,71,113,1085
0,74,116,1086
0,72,114,1087
0,75,117,1088
0,"8a",138,1089
0,"8f",143,1090
0,"8c",140,1091
0,"8d",141,1092
0,"8c",140,1093
0,"8f",143,1094
0,"8a",138,1095
0,74,116,1096
0,72,114,1097
0,73,115,1098
0,72,114,1099
0,74,116,1100
0,70,112,1101
0,82,130,1102
0,"8f",143,1103
0,"8c",140,1104
0,"8e",142,1105
0,"8d",141,1106
0,"8d",141,1107
0,"8f",143,1108
0,"7c",124,1109
0,70,112,1110
0,74,116,1111
0,71,113,1112
0,74,116,1113
0,73,115,1114
0,73,115,1115
0,86,134,1116
0,"8f",143,1117
0,"8b",139,1118
0,"8f",143,1119
0,"8c",140,1120
0,90,144,1121
0,86,134,1122
0,73,115,1123
0,73,115,1124
0,73,115,1125
0,72,114,1126
0,75,117,1127
0,70,112,1128
0,"7d",125,1129
0,"8f",143,1130
0,"8c",140,1131
0,"8e",142,1132
0,"8d",141,1133
0,"8d",141,1134
0,"8c",140,1135
0,"8f",143,1136
0,"7a",122,1137
0,71,113,1138
0,74,116,1139
0,72,114,1140
0,74,116,1141
0,72,114,1142
0,74,116,1143
0,72,114,1144
0,74,116,1145
0,70,112,1146
0,82,130,1147
0,"8f",143,1148
0,"8c",140,1149
0,"8e",142,1150
0,"8c",140,1151
0,"8e",142,1152
0,"8c",140,1153
0,"8e",142,1154
0,"8b",139,1155
0,"8f",143,1156
0,83,131,1157
0,70,112,1158
0,74,116,1159
0,71,113,1160
0,73,115,1161
0,72,114,1162
0,73,115,1163
0,72,114,1164
0,74,116,1165
0,71,113,1166
0,"7a",122,1167
0,"8e",142,1168
0,"8c",140,1169
0,"8e",142,1170
0,"8d",141,1171
0,"8e",142,1172
0,"8d",141,1173
0,"8e",142,1174
0,"8d",141,1175
0,"8d",141,1176
0,"8a",138,1177
0,73,115,1178
0,72,114,1179
0,72,114,1180
0,72,114,1181
0,72,114,1182
0,74,116,1183
0,73,115,1184
0,73,115,1185
0,73,115,1186
0,73,115,1187
0,"8b",139,1188
0,"8f",143,1189
0,"8c",140,1190
0,"8e",142,1191
0,"8d",141,1192
0,"8d",141,1193
0,"8d",141,1194
0,"8e",142,1195
0,"8d",141,1196
0,"8f",143,1197
0,"7a",122,1198
0,71,113,1199
0,74,116,1200
0,71,113,1201
0,74,116,1202
0,72,114,1203
0,73,115,1204
0,72,114,1205
0,74,116,1206
0,71,113,1207
0,83,131,1208
0,"8f",143,1209
0,"8c",140,1210
0,"8e",142,1211
0,"8d",141,1212
0,"8d",141,1213
0,"8d",141,1214
0,"8e",142,1215
0,"8c",140,1216
0,"8e",142,1217
0,78,120,1218
0,71,113,1219
0,74,116,1220
0,72,114,1221
0,74,116,1222
0,72,114,1223
0,74,116,1224
0,71,113,1225
0,74,116,1226
0,70,112,1227
0,83,131,1228
0,"8f",143,1229
0,"8c",140,1230
0,"8e",142,1231
0,"8c",140,1232
0,"8e",142,1233
0,"8c",140,1234
0,"8e",142,1235
0,"8c",140,1236
0,"8f",143,1237
0,80,128,1238
0,70,112,1239
0,74,116,1240
0,72,114,1241
0,74,116,1242
0,72,114,1243
0,74,116,1244
0,72,114,1245
0,74,116,1246
0,71,113,1247
0,"7c",124,1248
0,"8f",143,1249
0,"8b",139,1250
0,"8d",141,1251
0,"8c",140,1252
0,"8e",142,1253
0,"8d",141,1254
0,"8e",142,1255
0,"8d",141,1256
0,"8f",143,1257
0,88,136,1258
0,73,115,1259
0,73,115,1260
0,73,115,1261
0,73,115,1262
0,74,116,1263
0,73,115,1264
0,73,115,1265
0,72,114,1266
0,73,115,1267
0,71,113,1268
0,84,132,1269
0,"8f",143,1270
0,"8c",140,1271
0,"8f",143,1272
0,"8d",141,1273
0,"8d",141,1274
0,"8d",141,1275
0,"8d",141,1276
0,"8d",141,1277
0,"8d",141,1278
0,"8d",141,1279
0,"8c",140,1280
0,"8e",142,1281
0,"8b",139,1282
0,90,144,1283
0,82,130,1284
0,70,112,1285
0,74,116,1286
0,72,114,1287
0,73,115,1288
0,73,115,1289
0,73,115,1290
0,73,115,1291
0,72,114,1292
0,73,115,1293
0,72,114,1294
0,74,116,1295
0,72,114,1296
0,74,116,1297
0,72,114,1298
0,79,121,1299
0,"8e",142,1300
0,"8d",141,1301
0,"8d",141,1302
0,"8d",141,1303
0,"8d",141,1304
0,"8e",142,1305
0,"8c",140,1306
0,"8d",141,1307
0,"8d",141,1308
0,"8d",141,1309
0,"8d",141,1310
0,"8e",142,1311
0,"8d",141,1312
0,"8e",142,1313
0,"8c",140,1314
0,75,117,1315
0,71,113,1316
0,74,116,1317
0,72,114,1318
0,74,116,1319
0,72,114,1320
0,74,116,1321
0,72,114,1322
0,74,116,1323
0,72,114,1324
0,74,116,1325
0,72,114,1326
0,74,116,1327
0,71,113,1328
0,77,119,1329
0,"8c",140,1330
0,"8d",141,1331
0,"8d",141,1332
0,"8d",141,1333
0,"8c",140,1334
0,"8e",142,1335
0,"8d",141,1336
0,"8e",142,1337
0,"8d",141,1338
0,"8e",142,1339
0,"8c",140,1340
0,"8e",142,1341
0,"8d",141,1342
0,"8d",141,1343
0,"8d",141,1344
0,78,120,1345
0,70,112,1346
0,74,116,1347
0,72,114,1348
0,74,116,1349
0,72,114,1350
0,73,115,1351
0,73,115,1352
0,73,115,1353
0,73,115,1354
0,73,115,1355
0,74,116,1356
0,73,115,1357
0,74,116,1358
0,70,112,1359
0,82,130,1360
0,"8f",143,1361
0,"8c",140,1362
0,"8e",142,1363
0,"8c",140,1364
0,"8d",141,1365
0,"8d",141,1366
0,"8c",140,1367
0,"8d",141,1368
0,"8d",141,1369
0,"8e",142,1370
0,"8d",141,1371
0,"8e",142,1372
0,"8c",140,1373
0,90,144,1374
0,84,132,1375
0,70,112,1376
0,74,116,1377
0,72,114,1378
0,73,115,1379
0,73,115,1380
0,73,115,1381
0,73,115,1382
0,73,115,1383
0,73,115,1384
0,72,114,1385
0,73,115,1386
0,72,114,1387
0,74,116,1388
0,71,113,1389
0,78,120,1390
0,"8d",141,1391
0,"8e",142,1392
0,"8d",141,1393
0,"8d",141,1394
0,"8d",141,1395
0,"8d",141,1396
0,"8d",141,1397
0,"8e",142,1398
0,"8c",140,1399
0,"8e",142,1400
0,"8c",140,1401
0,"8e",142,1402
0,"8c",140,1403
0,"8e",142,1404
0,"8d",141,1405
0,"8f",143,1406
0,"8b",139,1407
0,74,116,1408
0,72,114,1409
0,73,115,1410
0,73,115,1411
0,73,115,1412
0,73,115,1413
0,73,115,1414
0,73,115,1415
0,73,115,1416
0,73,115,1417
0,73,115,1418
0,72,114,1419
0,73,115,1420
0,73,115,1421
0,74,116,1422
0,73,115,1423
0,74,116,1424
0,73,115,1425
0,74,116,1426
0,71,113,1427
0,74,116,1428
0,71,113,1429
0,79,121,1430
0,"8e",142,1431
0,"8d",141,1432
0,"8d",141,1433
0,"8d",141,1434
0,"8d",141,1435
0,"8e",142,1436
0,"8d",141,1437
0,"8d",141,1438
0,"8d",141,1439
0,"8e",142,1440
0,"8d",141,1441
0,"8d",141,1442
0,"8d",141,1443
0,"8e",142,1444
0,"8d",141,1445
0,"8e",142,1446
0,"8d",141,1447
0,"8e",142,1448
0,"8d",141,1449
0,"8e",142,1450
0,"8c",140,1451
0,90,144,1452
0,84,132,1453
0,71,113,1454
0,75,117,1455
0,72,114,1456
0,73,115,1457
0,72,114,1458
0,72,114,1459
0,73,115,1460
0,73,115,1461
0,73,115,1462
0,73,115,1463
0,73,115,1464
0,73,115,1465
0,73,115,1466
0,72,114,1467
0,73,115,1468
0,73,115,1469
0,73,115,1470
0,73,115,1471
0,73,115,1472
0,72,114,1473
0,74,116,1474
0,71,113,1475
0,"7f",127,1476
0,90,144,1477
0,"8c",140,1478
0,"8e",142,1479
0,"8d",141,1480
0,"8e",142,1481
0,"8c",140,1482
0,"8e",142,1483
0,"8e",142,1484
0,"8c",140,1485
0,"8d",141,1486
0,"8d",141,1487
0,"8d",141,1488
0,"8d",141,1489
0,"8e",142,1490
0,"8d",141,1491
0,"8d",141,1492
0,"8c",140,1493
0,"8e",142,1494
0,"8c",140,1495
0,"8e",142,1496
0,"8c",140,1497
0,90,144,1498
0,"7d",125,1499
0,71,113,1500
0,75,117,1501
0,72,114,1502
0,74,116,1503
0,73,115,1504
0,73,115,1505
0,73,115,1506
0,74,116,1507
0,72,114,1508
0,73,115,1509
0,74,116,1510
0,73,115,1511
0,73,115,1512
0,73,115,1513
0,72,114,1514
0,73,115,1515
0,72,114,1516
0,73,115,1517
0,72,114,1518
0,73,115,1519
0,72,114,1520
0,78,120,1521
0,"8d",141,1522
0,"8d",141,1523
0,"8d",141,1524
0,"8d",141,1525
0,"8c",140,1526
0,"8d",141,1527
0,"8d",141,1528
0,"8e",142,1529
0,"8d",141,1530
0,"8d",141,1531
0,"8d",141,1532
0,"8e",142,1533
0,"8d",141,1534
0,"8e",142,1535
0,"8d",141,1536
0,"8e",142,1537
0,"8c",140,1538
0,"8e",142,1539
0,"8d",141,1540
0,"8c",140,1541
0,"8d",141,1542
0,"8d",141,1543
0,"8d",141,1544
0,"8d",141,1545
0,"8e",142,1546
0,"8c",140,1547
0,"8f",143,1548
0,"7f",127,1549
0,70,112,1550
0,74,116,1551
0,72,114,1552
0,73,115,1553
0,72,114,1554
0,73,115,1555
0,73,115,1556
0,73,115,1557
0,73,115,1558
0,72,114,1559
0,73,115,1560
0,73,115,1561
0,73,115,1562
0,73,115,1563
0,74,116,1564
0,73,115,1565
0,73,115,1566
0,73,115,1567
0,72,114,1568
0,73,115,1569
0,74,116,1570
0,74,116,1571
0,73,115,1572
0,72,114,1573
0,73,115,1574
0,74,116,1575
0,73,115,1576
0,73,115,1577
0,73,115,1578
0,74,116,1579
0,72,114,1580
0,73,115,1581
0,72,114,1582
0,76,118,1583
0,"8c",140,1584
0,"8d",141,1585
0,"8d",141,1586
0,"8e",142,1587
0,"8d",141,1588
0,"8d",141,1589
0,"8d",141,1590
0,"8d",141,1591
0,"8d",141,1592
0,"8d",141,1593
0,"8e",142,1594
0,"8d",141,1595
0,"8d",141,1596
0,"8d",141,1597
0,"8d",141,1598
0,"8e",142,1599
0,"8d",141,1600
0,"8e",142,1601
0,"8e",142,1602
0,"8e",142,1603
0,"8e",142,1604
0,"8d",141,1605
0,"8e",142,1606
0,"8d",141,1607
0,"8d",141,1608
0,"8d",141,1609
0,"8d",141,1610
0,"8d",141,1611
0,"8d",141,1612
0,"8c",140,1613
0,"8d",141,1614
0,"8c",140,1615
0,"8e",142,1616
0,"8b",139,1617
0,75,117,1618
0,73,115,1619
0,73,115,1620
0,73,115,1621
0,73,115,1622
0,73,115,1623
0,73,115,1624
0,73,115,1625
0,74,116,1626
0,72,114,1627
0,73,115,1628
0,73,115,1629
0,72,114,1630
0,73,115,1631
0,73,115,1632
0,73,115,1633
0,73,115,1634
0,73,115,1635
0,73,115,1636
0,73,115,1637
0,73,115,1638
0,73,115,1639
0,73,115,1640
0,73,115,1641
0,73,115,1642
0,74,116,1643
0,73,115,1644
0,73,115,1645
0,73,115,1646
0,73,115,1647
0,73,115,1648
0,73,115,1649
0,72,114,1650
0,74,116,1651
0,89,137,1652
0,"8e",142,1653
0,"8d",141,1654
0,"8e",142,1655
0,"8d",141,1656
0,"8d",141,1657
0,"8c",140,1658
0,"8d",141,1659
0,"8d",141,1660
0,"8e",142,1661
0,"8d",141,1662
0,"8d",141,1663
0,"8e",142,1664
0,"8e",142,1665
0,"8d",141,1666
0,"8f",143,1667
0,85,133,1668
0,80,128,1669
0,80,128,1670
0,"7f",127,1671
0,80,128,1672
0,80,128,1673
0,"7f",127,1674
0,80,128,1675
0,80,128,1676
0,80,128,1677
0,"7f",127,1678
0,80,128,1679
0,81,129,1680
0,81,129,1681
0,81,129,1682
0,80,128,1683
0,80,128,1684
0,80,128,1685
0,"7f",127,1686
0,"7f",127,1687
0,80,128,1688
0,80,128,1689
0,80,128,1690
0,80,128,1691
0,80,128,1692
0,80,128,1693
0,80,128,1694
0,80,128,1695
0,"7f",127,1696
0,"7f",127,1697
0,"7f",127,1698
0,80,128,1699
0,80,128,1700
0,81,129,1701
0,80,128,1702
0,"7f",127,1703
0,81,129,1704
0,80,128,1705
0,80,128,1706
0,80,128,1707
0,80,128,1708
0,80,128,1709
0,81,129,1710
0,80,128,1711
0,"7f",127,1712
0,80,128,1713
0,80,128,1714
0,80,128,1715
0,80,128,1716
0,80,128,1717
0,80,128,1718
0,80,128,1719
0,80,128,1720
0,80,128,1721
0,80,128,1722
0,80,128,1723
0,80,128,1724
0,80,128,1725
0,80,128,1726
0,"7f",127,1727
0,"7f",127,1728
0,80,128,1729
0,81,129,1730
0,80,128,1731
0,"7f",127,1732
0,"7f",127,1733
0,"7f",127,1734
0,80,128,1735
0,80,128,1736
0,"7f",127,1737
0,80,128,1738
0,80,128,1739
0,80,128,1740
0,80,128,1741
0,80,128,1742
0,80,128,1743
0,80,128,1744
0,80,128,1745
0,80,128,1746
0,"7f",127,1747
0,80,128,1748
0,80,128,1749
0,80,128,1750
0,80,128,1751
0,80,128,1752
0,80,128,1753
0,80,128,1754
0,80,128,1755
0,81,129,1756
0,80,128,1757
0,80,128,1758
0,80,128,1759
0,80,128,1760
0,80,128,1761
0,80,128,1762
0,"7f",127,1763
0,80,128,1764
0,"7f",127,1765
0,81,129,1766
0,80,128,1767
0,80,128,1768
0,80,128,1769
0,81,129,1770
0,80,128,1771
0,80,128,1772
0,80,128,1773
0,80,128,1774
0,80,128,1775
0,80,128,1776
0,"7f",127,1777
0,"7f",127,1778
0,80,128,1779
0,80,128,1780
0,81,129,1781
0,80,128,1782
0,80,128,1783
0,80,128,1784
0,80,128,1785
0,81,129,1786
0,80,128,1787
0,80,128,1788
0,80,128,1789
0,80,128,1790
0,80,128,1791
0,80,128,1792
0,"7f",127,1793
0,80,128,1794
0,80,128,1795
0,80,128,1796
0,80,128,1797
0,80,128,1798
0,80,128,1799
0,80,128,1800
0,80,128,1801
0,80,128,1802
0,80,128,1803
0,80,128,1804
0,80,128,1805
0,80,128,1806
0,"7f",127,1807
0,80,128,1808
0,80,128,1809
0,80,128,1810
0,80,128,1811
0,81,129,1812
0,80,128,1813
0,81,129,1814
0,80,128,1815
0,80,128,1816
0,80,128,1817
0,"7f",127,1818
0,80,128,1819
0,"7f",127,1820
0,80,128,1821
0,80,128,1822
0,80,128,1823
0,80,128,1824
0,"7f",127,1825
0,80,128,1826
0,"7f",127,1827
0,80,128,1828
0,80,128,1829
0,"7f",127,1830
0,80,128,1831
0,80,128,1832
0,81,129,1833
0,80,128,1834
0,80,128,1835
0,"7f",127,1836
0,81,129,1837
0,80,128,1838
0,80,128,1839
0,"7f",127,1840
0,80,128,1841
0,80,128,1842
0,80,128,1843
0,80,128,1844
0,80,128,1845
0,"7f",127,1846
0,80,128,1847
0,80,128,1848
0,80,128,1849
0,80,128,1850
0,80,128,1851
0,"7f",127,1852
0,81,129,1853
0,80,128,1854
0,"7f",127,1855
0,80,128,1856
0,80,128,1857
0,"7f",127,1858
0,80,128,1859
0,80,128,1860
0,"7f",127,1861
0,80,128,1862
0,"7f",127,1863
0,81,129,1864
0,80,128,1865
0,80,128,1866
0,80,128,1867
0,80,128,1868
0,80,128,1869
0,81,129,1870
0,81,129,1871
0,80,128,1872
0,"7f",127,1873
0,80,128,1874
0,80,128,1875
0,80,128,1876
0,80,128,1877
0,"7f",127,1878
0,80,128,1879
0,"7f",127,1880
0,80,128,1881
0,80,128,1882
0,80,128,1883
0,80,128,1884
0,80,128,1885
0,"7f",127,1886
0,80,128,1887
0,80,128,1888
0,80,128,1889
0,"7f",127,1890
0,81,129,1891
0,80,128,1892
0,80,128,1893
0,80,128,1894
0,80,128,1895
0,80,128,1896
0,80,128,1897
0,80,128,1898
0,"7f",127,1899
0,81,129,1900
0,81,129,1901
0,80,128,1902
0,"7f",127,1903
0,80,128,1904
0,80,128,1905
0,"7f",127,1906
0,80,128,1907
0,80,128,1908
0,80,128,1909
0,81,129,1910
0,"7f",127,1911
0,80,128,1912
0,80,128,1913
0,80,128,1914
0,80,128,1915
0,80,128,1916
0,80,128,1917
0,81,129,1918
0,80,128,1919
0,80,128,1920
0,80,128,1921
0,81,129,1922
0,80,128,1923
0,81,129,1924
0,81,129,1925
0,80,128,1926
0,80,128,1927
0,"7f",127,1928
0,80,128,1929
0,80,128,1930
0,80,128,1931
0,"7f",127,1932
0,"7f",127,1933
0,80,128,1934
0,80,128,1935
0,"7f",127,1936
0,80,128,1937
0,"7f",127,1938
0,80,128,1939
0,80,128,1940
0,80,128,1941
0,81,129,1942
0,80,128,1943
0,"7f",127,1944
0,80,128,1945
0,80,128,1946
0,80,128,1947
0,80,128,1948
0,80,128,1949
0,"7f",127,1950
0,80,128,1951
0,80,128,1952
0,"7f",127,1953
0,80,128,1954
0,80,128,1955
0,80,128,1956
0,80,128,1957
0,80,128,1958
0,80,128,1959
0,80,128,1960
0,80,128,1961
0,"7f",127,1962
0,80,128,1963
0,81,129,1964
0,80,128,1965
0,80,128,1966
0,80,128,1967
0,80,128,1968
0,80,128,1969
0,"7f",127,1970
0,80,128,1971
0,81,129,1972
0,80,128,1973
0,80,128,1974
0,80,128,1975
0,80,128,1976
0,80,128,1977
0,80,128,1978
0,80,128,1979
0,80,128,1980
0,80,128,1981
0,81,129,1982
0,80,128,1983
0,80,128,1984
0,80,128,1985
0,81,129,1986
0,80,128,1987
0,80,128,1988
0,81,129,1989
0,80,128,1990
0,80,128,1991
0,80,128,1992
0,80,128,1993
0,80,128,1994
0,80,128,1995
0,81,129,1996
0,80,128,1997
0,80,128,1998
0,80,128,1999
0,81,129,2000
0,"7f",127,2001
0,80,128,2002
0,80,128,2003
0,80,128,2004
0,80,128,2005
0,80,128,2006
0,"7f",127,2007
0,80,128,2008
0,80,128,2009
0,"7f",127,2010
0,"7f",127,2011
0,80,128,2012
0,"7f",127,2013
0,80,128,2014
0,80,128,2015
0,80,128,2016
0,80,128,2017
0,"7f",127,2018
0,80,128,2019
0,81,129,2020
0,81,129,2021
0,80,128,2022
0,80,128,2023
0,80,128,2024
0,"7f",127,2025
0,80,128,2026
0,80,128,2027
0,81,129,2028
0,80,128,2029
0,80,128,2030
0,80,128,2031
0,"7f",127,2032
0,80,128,2033
0,80,128,2034
0,"7f",127,2035
0,80,128,2036
0,80,128,2037
0,80,128,2038
0,80,128,2039
0,80,128,2040
0,80,128,2041
0,80,128,2042
0,81,129,2043
0,80,128,2044
0,80,128,2045
0,80,128,2046
0,80,128,2047
0,80,128,2048
0,80,128,2049
0,80,128,2050
0,80,128,2051
0,80,128,2052
0,81,129,2053
0,80,128,2054
0,"7f",127,2055
0,"7f",127,2056
0,81,129,2057
0,80,128,2058
0,"7f",127,2059
0,81,129,2060
0,80,128,2061
0,80,128,2062
0,81,129,2063
0,"7f",127,2064
0,80,128,2065
0,80,128,2066
0,80,128,2067
0,80,128,2068
0,"7f",127,2069
0,80,128,2070
0,"7f",127,2071
0,81,129,2072
0,80,128,2073
0,80,128,2074
0,80,128,2075
0,80,128,2076
0,80,128,2077
0,80,128,2078
0,80,128,2079
0,"7f",127,2080
0,"7f",127,2081
0,80,128,2082
0,80,128,2083
0,80,128,2084
0,81,129,2085
0,80,128,2086
0,80,128,2087
0,80,128,2088
0,80,128,2089
0,80,128,2090
0,80,128,2091
0,80,128,2092
0,80,128,2093
0,81,129,2094
0,80,128,2095
0,80,128,2096
0,"7f",127,2097
0,80,128,2098
0,80,128,2099
0,81,129,2100
0,80,128,2101
0,80,128,2102
0,80,128,2103
0,81,129,2104
0,80,128,2105
0,80,128,2106
0,80,128,2107
0,80,128,2108
0,80,128,2109
0,80,128,2110
0,81,129,2111
0,80,128,2112
0,80,128,2113
0,"7f",127,2114
0,80,128,2115
0,80,128,2116
0,"7f",127,2117
0,80,128,2118
0,80,128,2119
0,"7f",127,2120
0,"7f",127,2121
0,80,128,2122
0,80,128,2123
0,80,128,2124
0,80,128,2125
0,80,128,2126
0,80,128,2127
0,80,128,2128
0,81,129,2129
0,80,128,2130
0,80,128,2131
0,81,129,2132
0,80,128,2133
0,80,128,2134
0,81,129,2135
0,80,128,2136
0,80,128,2137
0,80,128,2138
0,"7f",127,2139
0,80,128,2140
0,80,128,2141
0,80,128,2142
0,80,128,2143
0,81,129,2144
0,80,128,2145
0,81,129,2146
0,80,128,2147
0,80,128,2148
0,80,128,2149
0,80,128,2150
0,80,128,2151
0,80,128,2152
0,80,128,2153
0,80,128,2154
0,"7f",127,2155
0,80,128,2156
0,80,128,2157
0,80,128,2158
0,80,128,2159
0,81,129,2160
0,80,128,2161
0,80,128,2162
0,80,128,2163
0,80,128,2164
0,80,128,2165
0,80,128,2166
0,"7f",127,2167
0,80,128,2168
0,80,128,2169
0,80,128,2170
0,81,129,2171
0,"7f",127,2172
0,"7f",127,2173
0,80,128,2174
0,80,128,2175
0,80,128,2176
0,81,129,2177
0,"7f",127,2178
0,80,128,2179
0,80,128,2180
0,80,128,2181
0,80,128,2182
0,80,128,2183
0,"7f",127,2184
0,80,128,2185
0,"7f",127,2186
0,"7f",127,2187
0,"7f",127,2188
0,80,128,2189
0,80,128,2190
0,80,128,2191
0,81,129,2192
0,"7f",127,2193
0,80,128,2194
0,80,128,2195
0,80,128,2196
0,"7f",127,2197
0,80,128,2198
0,"7f",127,2199
0,81,129,2200
0,"7f",127,2201
0,86,134,2202
0,"8f",143,2203
0,"7b",123,2204
0,71,113,2205
0,73,115,2206
0,86,134,2207
0,90,144,2208
0,"8b",139,2209
0,78,120,2210
0,71,113,2211
0,73,115,2212
0,81,129,2213
0,91,145,2214
0,"8c",140,2215
0,"7d",125,2216
0,"6e",110,2217
0,76,118,2218
0,84,132,2219
0,91,145,2220
0,"8a",138,2221
0,79,121,2222
0,71,113,2223
0,73,115,2224
0,82,130,2225
0,91,145,2226
0,"8c",140,2227
0,"7c",124,2228
0,70,112,2229
0,74,116,2230
0,87,135,2231
0,"8f",143,2232
0,"8d",141,2233
0,80,128,2234
0,"6f",111,2235
0,73,115,2236
0,83,131,2237
0,92,146,2238
0,"8c",140,2239
0,"7b",123,2240
0,"6f",111,2241
0,75,117,2242
0,88,136,2243
0,"8f",143,2244
0,"8e",142,2245
0,"7e",126,2246
0,70,112,2247
0,74,116,2248
0,83,131,2249
0,90,144,2250
0,"8c",140,2251
0,"7a",122,2252
0,71,113,2253
0,72,114,2254
0,80,128,2255
0,90,144,2256
0,"8d",141,2257
0,"7f",127,2258
0,70,112,2259
0,74,116,2260
0,84,132,2261
0,91,145,2262
0,"8c",140,2263
0,79,121,2264
0,71,113,2265
0,73,115,2266
0,80,128,2267
0,90,144,2268
0,"8e",142,2269
0,"7d",125,2270
0,70,112,2271
0,73,115,2272
0,86,134,2273
0,"8f",143,2274
0,"8e",142,2275
0,82,130,2276
0,71,113,2277
0,73,115,2278
0,81,129,2279
0,90,144,2280
0,"8c",140,2281
0,"7c",124,2282
0,70,112,2283
0,74,116,2284
0,86,134,2285
0,"8e",142,2286
0,"8e",142,2287
0,81,129,2288
0,70,112,2289
0,72,114,2290
0,82,130,2291
0,90,144,2292
0,"8d",141,2293
0,"7c",124,2294
0,"6f",111,2295
0,74,116,2296
0,87,135,2297
0,"8f",143,2298
0,"8e",142,2299
0,80,128,2300
0,71,113,2301
0,74,116,2302
0,82,130,2303
0,91,145,2304
0,"8d",141,2305
0,"7b",123,2306
0,72,114,2307
0,72,114,2308
0,"7e",126,2309
0,"8f",143,2310
0,"8d",141,2311
0,80,128,2312
0,70,112,2313
0,73,115,2314
0,83,131,2315
0,90,144,2316
0,"8d",141,2317
0,"7b",123,2318
0,72,114,2319
0,72,114,2320
0,80,128,2321
0,"8f",143,2322
0,"8e",142,2323
0,"7f",127,2324
0,71,113,2325
0,72,114,2326
0,85,133,2327
0,"8e",142,2328
0,"8e",142,2329
0,82,130,2330
0,71,113,2331
0,72,114,2332
0,80,128,2333
0,90,144,2334
0,"8e",142,2335
0,"7e",126,2336
0,"6f",111,2337
0,75,117,2338
0,72,114,2339
0,74,116,2340
0,89,137,2341
0,90,144,2342
0,"8b",139,2343
0,"8f",143,2344
0,"7e",126,2345
0,71,113,2346
0,74,116,2347
0,71,113,2348
0,73,115,2349
0,87,135,2350
0,"8f",143,2351
0,"8b",139,2352
0,91,145,2353
0,"7f",127,2354
0,72,114,2355
0,73,115,2356
0,74,116,2357
0,72,114,2358
0,85,133,2359
0,90,144,2360
0,"8b",139,2361
0,90,144,2362
0,82,130,2363
0,70,112,2364
0,74,116,2365
0,72,114,2366
0,76,118,2367
0,"8c",140,2368
0,"8f",143,2369
0,"8c",140,2370
0,90,144,2371
0,84,132,2372
0,70,112,2373
0,75,117,2374
0,72,114,2375
0,75,117,2376
0,"8b",139,2377
0,"8e",142,2378
0,"8b",139,2379
0,"8f",143,2380
0,87,135,2381
0,71,113,2382
0,74,116,2383
0,72,114,2384
0,74,116,2385
0,"8a",138,2386
0,"8f",143,2387
0,"8c",140,2388
0,"8e",142,2389
0,88,136,2390
0,71,113,2391
0,73,115,2392
0,73,115,2393
0,73,115,2394
0,88,136,2395
0,90,144,2396
0,"8c",140,2397
0,90,144,2398
0,80,128,2399
0,71,113,2400
0,74,116,2401
0,72,114,2402
0,72,114,2403
0,86,134,2404
0,90,144,2405
0,"8a",138,2406
0,90,144,2407
0,81,129,2408
0,71,113,2409
0,73,115,2410
0,74,116,2411
0,71,113,2412
0,85,133,2413
0,90,144,2414
0,"8b",139,2415
0,91,145,2416
0,84,132,2417
0,71,113,2418
0,74,116,2419
0,72,114,2420
0,75,117,2421
0,"8a",138,2422
0,"8e",142,2423
0,"8c",140,2424
0,90,144,2425
0,86,134,2426
0,71,113,2427
0,74,116,2428
0,72,114,2429
0,75,117,2430
0,89,137,2431
0,"8f",143,2432
0,"8c",140,2433
0,"8e",142,2434
0,88,136,2435
0,71,113,2436
0,73,115,2437
0,73,115,2438
0,73,115,2439
0,89,137,2440
0,"8f",143,2441
0,"8b",139,2442
0,"8f",143,2443
0,89,137,2444
0,73,115,2445
0,73,115,2446
0,73,115,2447
0,73,115,2448
0,86,134,2449
0,"8f",143,2450
0,"8b",139,2451
0,90,144,2452
0,81,129,2453
0,70,112,2454
0,74,116,2455
0,73,115,2456
0,72,114,2457
0,84,132,2458
0,91,145,2459
0,"8a",138,2460
0,90,144,2461
0,83,131,2462
0,72,114,2463
0,73,115,2464
0,74,116,2465
0,70,112,2466
0,85,133,2467
0,"8f",143,2468
0,"8d",141,2469
0,"8d",141,2470
0,"8e",142,2471
0,88,136,2472
0,72,114,2473
0,73,115,2474
0,73,115,2475
0,72,114,2476
0,73,115,2477
0,70,112,2478
0,"7b",123,2479
0,"8e",142,2480
0,"8d",141,2481
0,"8e",142,2482
0,"8d",141,2483
0,"8d",141,2484
0,"8e",142,2485
0,79,121,2486
0,72,114,2487
0,74,116,2488
0,72,114,2489
0,73,115,2490
0,72,114,2491
0,73,115,2492
0,89,137,2493
0,"8f",143,2494
0,"8b",139,2495
0,"8f",143,2496
0,"8b",139,2497
0,90,144,2498
0,83,131,2499
0,71,113,2500
0,73,115,2501
0,73,115,2502
0,72,114,2503
0,74,116,2504
0,70,112,2505
0,"7f",127,2506
0,90,144,2507
0,"8c",140,2508
0,"8d",141,2509
0,"8e",142,2510
0,"8d",141,2511
0,"8f",143,2512
0,"7e",126,2513
0,70,112,2514
0,75,117,2515
0,71,113,2516
0,74,116,2517
0,71,113,2518
0,76,118,2519
0,"8b",139,2520
0,"8d",141,2521
0,"8d",141,2522
0,"8e",142,2523
0,"8c",140,2524
0,"8e",142,2525
0,88,136,2526
0,73,115,2527
0,73,115,2528
0,74,116,2529
0,71,113,2530
0,74,116,2531
0,70,112,2532
0,"7a",122,2533
0,"8d",141,2534
0,"8d",141,2535
0,"8d",141,2536
0,"8d",141,2537
0,"8c",140,2538
0,"8f",143,2539
0,"7a",122,2540
0,71,113,2541
0,75,117,2542
0,72,114,2543
0,74,116,2544
0,73,115,2545
0,72,114,2546
0,87,135,2547
0,90,144,2548
0,"8b",139,2549
0,90,144,2550
0,"8b",139,2551
0,91,145,2552
0,84,132,2553
0,73,115,2554
0,73,115,2555
0,73,115,2556
0,72,114,2557
0,74,116,2558
0,71,113,2559
0,"7e",126,2560
0,"8f",143,2561
0,"8c",140,2562
0,"8d",141,2563
0,"8d",141,2564
0,"8d",141,2565
0,"8f",143,2566
0,"7f",127,2567
0,70,112,2568
0,75,117,2569
0,71,113,2570
0,74,116,2571
0,72,114,2572
0,75,117,2573
0,"8b",139,2574
0,"8f",143,2575
0,"8d",141,2576
0,"8f",143,2577
0,"8c",140,2578
0,"8e",142,2579
0,89,137,2580
0,74,116,2581
0,72,114,2582
0,73,115,2583
0,72,114,2584
0,74,116,2585
0,70,112,2586
0,79,121,2587
0,"8e",142,2588
0,"8d",141,2589
0,"8d",141,2590
0,"8e",142,2591
0,"8d",141,2592
0,90,144,2593
0,"7c",124,2594
0,70,112,2595
0,74,116,2596
0,72,114,2597
0,73,115,2598
0,73,115,2599
0,72,114,2600
0,86,134,2601
0,"8f",143,2602
0,"8c",140,2603
0,"8e",142,2604
0,"8c",140,2605
0,"8d",141,2606
0,"8d",141,2607
0,"8d",141,2608
0,"8f",143,2609
0,"7c",124,2610
0,70,112,2611
0,74,116,2612
0,71,113,2613
0,74,116,2614
0,72,114,2615
0,74,116,2616
0,71,113,2617
0,74,116,2618
0,71,113,2619
0,82,130,2620
0,90,144,2621
0,"8b",139,2622
0,"8e",142,2623
0,"8c",140,2624
0,"8e",142,2625
0,"8c",140,2626
0,"8e",142,2627
0,"8b",139,2628
0,"8f",143,2629
0,83,131,2630
0,70,112,2631
0,74,116,2632
0,72,114,2633
0,74,116,2634
0,72,114,2635
0,73,115,2636
0,72,114,2637
0,74,116,2638
0,71,113,2639
0,79,121,2640
0,"8f",143,2641
0,"8d",141,2642
0,"8d",141,2643
0,"8e",142,2644
0,"8e",142,2645
0,"8d",141,2646
0,"8e",142,2647
0,"8d",141,2648
0,"8d",141,2649
0,"8a",138,2650
0,73,115,2651
0,73,115,2652
0,72,114,2653
0,73,115,2654
0,73,115,2655
0,73,115,2656
0,72,114,2657
0,73,115,2658
0,71,113,2659
0,"7a",122,2660
0,"8e",142,2661
0,"8c",140,2662
0,"8f",143,2663
0,"8c",140,2664
0,"8e",142,2665
0,"8d",141,2666
0,"8e",142,2667
0,"8c",140,2668
0,"8f",143,2669
0,89,137,2670
0,73,115,2671
0,73,115,2672
0,72,114,2673
0,73,115,2674
0,73,115,2675
0,73,115,2676
0,73,115,2677
0,73,115,2678
0,73,115,2679
0,73,115,2680
0,"8b",139,2681
0,"8e",142,2682
0,"8c",140,2683
0,"8e",142,2684
0,"8d",141,2685
0,"8e",142,2686
0,"8c",140,2687
0,"8e",142,2688
0,"8d",141,2689
0,"8e",142,2690
0,79,121,2691
0,71,113,2692
0,74,116,2693
0,71,113,2694
0,74,116,2695
0,73,115,2696
0,73,115,2697
0,71,113,2698
0,74,116,2699
0,70,112,2700
0,83,131,2701
0,90,144,2702
0,"8c",140,2703
0,"8e",142,2704
0,"8d",141,2705
0,"8e",142,2706
0,"8d",141,2707
0,"8f",143,2708
0,"8b",139,2709
0,90,144,2710
0,80,128,2711
0,70,112,2712
0,74,116,2713
0,72,114,2714
0,74,116,2715
0,72,114,2716
0,74,116,2717
0,72,114,2718
0,74,116,2719
0,71,113,2720
0,"7b",123,2721
0,"8f",143,2722
0,"8d",141,2723
0,"8e",142,2724
0,"8d",141,2725
0,"8d",141,2726
0,"8d",141,2727
0,"8d",141,2728
0,"8c",140,2729
0,"8e",142,2730
0,88,136,2731
0,72,114,2732
0,74,116,2733
0,73,115,2734
0,72,114,2735
0,73,115,2736
0,71,113,2737
0,83,131,2738
0,"8f",143,2739
0,"8d",141,2740
0,"7c",124,2741
0,70,112,2742
0,74,116,2743
0,87,135,2744
0,"8f",143,2745
0,"8e",142,2746
0,80,128,2747
0,70,112,2748
0,74,116,2749
0,82,130,2750
0,91,145,2751
0,"8b",139,2752
0,"7c",124,2753
0,"6f",111,2754
0,74,116,2755
0,87,135,2756
0,"8f",143,2757
0,"8d",141,2758
0,"7f",127,2759
0,70,112,2760
0,73,115,2761
0,83,131,2762
0,90,144,2763
0,"8d",141,2764
0,"7a",122,2765
0,71,113,2766
0,72,114,2767
0,80,128,2768
0,"8f",143,2769
0,"8e",142,2770
0,"7f",127,2771
0,70,112,2772
0,74,116,2773
0,83,131,2774
0,90,144,2775
0,"8c",140,2776
0,79,121,2777
0,72,114,2778
0,71,113,2779
0,81,129,2780
0,90,144,2781
0,"8d",141,2782
0,"7d",125,2783
0,71,113,2784
0,74,116,2785
0,85,133,2786
0,"8f",143,2787
0,"8f",143,2788
0,81,129,2789
0,70,112,2790
0,72,114,2791
0,80,128,2792
0,90,144,2793
0,"8d",141,2794
0,"7e",126,2795
0,71,113,2796
0,74,116,2797
0,87,135,2798
0,"8f",143,2799
0,"8e",142,2800
0,81,129,2801
0,"6f",111,2802
0,72,114,2803
0,82,130,2804
0,90,144,2805
0,"8c",140,2806
0,"7d",125,2807
0,70,112,2808
0,73,115,2809
0,86,134,2810
0,"8f",143,2811
0,"8e",142,2812
0,80,128,2813
0,70,112,2814
0,72,114,2815
0,83,131,2816
0,90,144,2817
0,"8d",141,2818
0,"7b",123,2819
0,71,113,2820
0,73,115,2821
0,"7e",126,2822
0,90,144,2823
0,"8e",142,2824
0,80,128,2825
0,70,112,2826
0,73,115,2827
0,82,130,2828
0,91,145,2829
0,"8e",142,2830
0,"7a",122,2831
0,72,114,2832
0,72,114,2833
0,80,128,2834
0,90,144,2835
0,"8e",142,2836
0,"7f",127,2837
0,71,113,2838
0,73,115,2839
0,84,132,2840
0,"8f",143,2841
0,"8e",142,2842
0,83,131,2843
0,71,113,2844
0,72,114,2845
0,80,128,2846
0,"8e",142,2847
0,"8e",142,2848
0,"7d",125,2849
0,71,113,2850
0,72,114,2851
0,85,133,2852
0,"8e",142,2853
0,"8f",143,2854
0,82,130,2855
0,72,114,2856
0,71,113,2857
0,82,130,2858
0,"8e",142,2859
0,"8f",143,2860
0,"7d",125,2861
0,71,113,2862
0,71,113,2863
0,"7e",126,2864
0,"8f",143,2865
0,"8e",142,2866
0,81,129,2867
0,71,113,2868
0,72,114,2869
0,80,128,2870
0,90,144,2871
0,"8b",139,2872
0,"8e",142,2873
0,"8d",141,2874
0,79,121,2875
0,71,113,2876
0,74,116,2877
0,"6f",111,2878
0,80,128,2879
0,"8f",143,2880
0,"8c",140,2881
0,"8e",142,2882
0,"8d",141,2883
0,"7b",123,2884
0,"6f",111,2885
0,76,118,2886
0,70,112,2887
0,80,128,2888
0,"8e",142,2889
0,"8d",141,2890
0,"8c",140,2891
0,"8f",143,2892
0,"7b",123,2893
0,70,112,2894
0,75,117,2895
0,70,112,2896
0,"7d",125,2897
0,90,144,2898
0,"8c",140,2899
0,"8f",143,2900
0,"8c",140,2901
0,75,117,2902
0,72,114,2903
0,74,116,2904
0,71,113,2905
0,"7b",123,2906
0,"8f",143,2907
0,"8b",139,2908
0,"8f",143,2909
0,"8d",141,2910
0,77,119,2911
0,71,113,2912
0,75,117,2913
0,71,113,2914
0,79,121,2915
0,"8f",143,2916
0,"8c",140,2917
0,"8d",141,2918
0,"8d",141,2919
0,78,120,2920
0,71,113,2921
0,76,118,2922
0,70,112,2923
0,80,128,2924
0,"8f",143,2925
0,"8c",140,2926
0,"8e",142,2927
0,"8d",141,2928
0,"7a",122,2929
0,70,112,2930
0,75,117,2931
0,70,112,2932
0,"7f",127,2933
0,"8f",143,2934
0,"8c",140,2935
0,"8d",141,2936
0,"8d",141,2937
0,"7c",124,2938
0,"6f",111,2939
0,75,117,2940
0,70,112,2941
0,"7d",125,2942
0,"8f",143,2943
0,"8c",140,2944
0,"8d",141,2945
0,"8e",142,2946
0,"7c",124,2947
0,70,112,2948
0,75,117,2949
0,71,113,2950
0,"7a",122,2951
0,"8f",143,2952
0,"8c",140,2953
0,"8e",142,2954
0,"8b",139,2955
0,76,118,2956
0,72,114,2957
0,75,117,2958
0,70,112,2959
0,79,121,2960
0,"8e",142,2961
0,"8d",141,2962
0,"8d",141,2963
0,"8d",141,2964
0,77,119,2965
0,71,113,2966
0,74,116,2967
0,71,113,2968
0,78,120,2969
0,"8e",142,2970
0,"8d",141,2971
0,"8d",141,2972
0,"8e",142,2973
0,78,120,2974
0,71,113,2975
0,74,116,2976
0,71,113,2977
0,76,118,2978
0,"8c",140,2979
0,"8e",142,2980
0,"8d",141,2981
0,"8e",142,2982
0,"7b",123,2983
0,71,113,2984
0,75,117,2985
0,70,112,2986
0,"7d",125,2987
0,"8f",143,2988
0,"8d",141,2989
0,"8d",141,2990
0,"8e",142,2991
0,"7c",124,2992
0,"6f",111,2993
0,75,117,2994
0,70,112,2995
0,"7c",124,2996
0,"8e",142,2997
0,"8d",141,2998
0,"8c",140,2999
0,90,144,3000
0,"7d",125,3001
0,70,112,3002
0,74,116,3003
0,73,115,3004
0,72,114,3005
0,77,119,3006
0,"8d",141,3007
0,"8d",141,3008
0,"8d",141,3009
0,"8e",142,3010
0,"8c",140,3011
0,"8f",143,3012
0,"7c",124,3013
0,70,112,3014
0,75,117,3015
0,73,115,3016
0,73,115,3017
0,73,115,3018
0,71,113,3019
0,85,133,3020
0,90,144,3021
0,"8c",140,3022
0,"8e",142,3023
0,"8d",141,3024
0,"8d",141,3025
0,"8c",140,3026
0,79,121,3027
0,71,113,3028
0,74,116,3029
0,71,113,3030
0,75,117,3031
0,70,112,3032
0,"7b",123,3033
0,"8f",143,3034
0,"8d",141,3035
0,"8c",140,3036
0,"8e",142,3037
0,"8c",140,3038
0,"8f",143,3039
0,82,130,3040
0,71,113,3041
0,74,116,3042
0,73,115,3043
0,73,115,3044
0,74,116,3045
0,71,113,3046
0,80,128,3047
0,90,144,3048
0,"8b",139,3049
0,"8e",142,3050
0,"8c",140,3051
0,"8e",142,3052
0,"8b",139,3053
0,75,117,3054
0,72,114,3055
0,74,116,3056
0,72,114,3057
0,74,116,3058
0,72,114,3059
0,77,119,3060
0,"8c",140,3061
0,"8d",141,3062
0,"8c",140,3063
0,"8e",142,3064
0,"8c",140,3065
0,90,144,3066
0,"7e",126,3067
0,70,112,3068
0,74,116,3069
0,73,115,3070
0,72,114,3071
0,74,116,3072
0,71,113,3073
0,84,132,3074
0,90,144,3075
0,"8b",139,3076
0,"8e",142,3077
0,"8c",140,3078
0,"8d",141,3079
0,"8e",142,3080
0,79,121,3081
0,"6f",111,3082
0,75,117,3083
0,71,113,3084
0,75,117,3085
0,70,112,3086
0,"7a",122,3087
0,"8e",142,3088
0,"8d",141,3089
0,"8d",141,3090
0,"8f",143,3091
0,"8b",139,3092
0,90,144,3093
0,84,132,3094
0,71,113,3095
0,73,115,3096
0,72,114,3097
0,73,115,3098
0,73,115,3099
0,71,113,3100
0,"7f",127,3101
0,90,144,3102
0,"8c",140,3103
0,"8f",143,3104
0,"8c",140,3105
0,"8e",142,3106
0,"8d",141,3107
0,77,119,3108
0,71,113,3109
0,74,116,3110
0,72,114,3111
0,74,116,3112
0,71,113,3113
0,76,118,3114
0,"8b",139,3115
0,"8e",142,3116
0,"8d",141,3117
0,"8e",142,3118
0,"8c",140,3119
0,"8f",143,3120
0,89,137,3121
0,73,115,3122
0,72,114,3123
0,73,115,3124
0,72,114,3125
0,73,115,3126
0,70,112,3127
0,83,131,3128
0,"8f",143,3129
0,"8d",141,3130
0,"8e",142,3131
0,"8d",141,3132
0,"8c",140,3133
0,"8f",143,3134
0,"7b",123,3135
0,71,113,3136
0,74,116,3137
0,72,114,3138
0,73,115,3139
0,73,115,3140
0,73,115,3141
0,73,115,3142
0,71,113,3143
0,83,131,3144
0,90,144,3145
0,"8c",140,3146
0,"8e",142,3147
0,"8c",140,3148
0,"8e",142,3149
0,"8d",141,3150
0,"8e",142,3151
0,"8c",140,3152
0,90,144,3153
0,80,128,3154
0,70,112,3155
0,74,116,3156
0,72,114,3157
0,74,116,3158
0,72,114,3159
0,74,116,3160
0,71,113,3161
0,74,116,3162
0,71,113,3163
0,"7b",123,3164
0,90,144,3165
0,"8c",140,3166
0,"8d",141,3167
0,"8c",140,3168
0,"8e",142,3169
0,"8d",141,3170
0,"8f",143,3171
0,"8c",140,3172
0,"8e",142,3173
0,88,136,3174
0,72,114,3175
0,73,115,3176
0,72,114,3177
0,73,115,3178
0,73,115,3179
0,73,115,3180
0,72,114,3181
0,73,115,3182
0,71,113,3183
0,"7d",125,3184
0,90,144,3185
0,"8b",139,3186
0,"8d",141,3187
0,"8d",141,3188
0,"8e",142,3189
0,"8d",141,3190
0,"8e",142,3191
0,"8c",140,3192
0,"8f",143,3193
0,87,135,3194
0,72,114,3195
0,73,115,3196
0,72,114,3197
0,73,115,3198
0,72,114,3199
0,73,115,3200
0,73,115,3201
0,73,115,3202
0,72,114,3203
0,75,117,3204
0,"8c",140,3205
0,"8d",141,3206
0,"8d",141,3207
0,"8d",141,3208
0,"8d",141,3209
0,"8d",141,3210
0,"8d",141,3211
0,"8d",141,3212
0,"8e",142,3213
0,"8d",141,3214
0,76,118,3215
0,71,113,3216
0,74,116,3217
0,72,114,3218
0,74,116,3219
0,73,115,3220
0,74,116,3221
0,72,114,3222
0,74,116,3223
0,70,112,3224
0,86,134,3225
0,"8f",143,3226
0,"8c",140,3227
0,"8f",143,3228
0,"8c",140,3229
0,"8e",142,3230
0,"8d",141,3231
0,"8e",142,3232
0,"8b",139,3233
0,90,144,3234
0,"7e",126,3235
0,70,112,3236
0,75,117,3237
0,71,113,3238
0,73,115,3239
0,72,114,3240
0,74,116,3241
0,72,114,3242
0,74,116,3243
0,70,112,3244
0,"7e",126,3245
0,90,144,3246
0,"8c",140,3247
0,"8d",141,3248
0,"8d",141,3249
0,"8e",142,3250
0,"8d",141,3251
0,"8f",143,3252
0,"8c",140,3253
0,"8f",143,3254
0,86,134,3255
0,71,113,3256
0,73,115,3257
0,73,115,3258
0,73,115,3259
0,72,114,3260
0,73,115,3261
0,72,114,3262
0,74,116,3263
0,71,113,3264
0,76,118,3265
0,"8c",140,3266
0,"8e",142,3267
0,"8d",141,3268
0,"8e",142,3269
0,"8d",141,3270
0,"8d",141,3271
0,"8d",141,3272
0,"8e",142,3273
0,"8d",141,3274
0,"8e",142,3275
0,"8c",140,3276
0,90,144,3277
0,83,131,3278
0,71,113,3279
0,73,115,3280
0,73,115,3281
0,74,116,3282
0,73,115,3283
0,72,114,3284
0,74,116,3285
0,72,114,3286
0,73,115,3287
0,73,115,3288
0,74,116,3289
0,72,114,3290
0,74,116,3291
0,71,113,3292
0,78,120,3293
0,"8e",142,3294
0,"8d",141,3295
0,"8d",141,3296
0,"8e",142,3297
0,"8c",140,3298
0,"8e",142,3299
0,"8d",141,3300
0,"8d",141,3301
0,"8d",141,3302
0,"8e",142,3303
0,"8d",141,3304
0,"8e",142,3305
0,"8c",140,3306
0,"8f",143,3307
0,85,133,3308
0,71,113,3309
0,73,115,3310
0,73,115,3311
0,72,114,3312
0,73,115,3313
0,72,114,3314
0,74,116,3315
0,72,114,3316
0,73,115,3317
0,72,114,3318
0,73,115,3319
0,72,114,3320
0,74,116,3321
0,72,114,3322
0,76,118,3323
0,"8b",139,3324
0,"8d",141,3325
0,"8d",141,3326
0,"8e",142,3327
0,"8c",140,3328
0,"8e",142,3329
0,"8c",140,3330
0,"8d",141,3331
0,"8d",141,3332
0,"8d",141,3333
0,"8d",141,3334
0,"8e",142,3335
0,"8d",141,3336
0,"8c",140,3337
0,"8e",142,3338
0,79,121,3339
0,71,113,3340
0,73,115,3341
0,72,114,3342
0,74,116,3343
0,73,115,3344
0,74,116,3345
0,72,114,3346
0,73,115,3347
0,73,115,3348
0,73,115,3349
0,74,116,3350
0,72,114,3351
0,74,116,3352
0,71,113,3353
0,81,129,3354
0,90,144,3355
0,"8b",139,3356
0,"8e",142,3357
0,"8d",141,3358
0,"8e",142,3359
0,"8d",141,3360
0,"8d",141,3361
0,"8d",141,3362
0,"8e",142,3363
0,"8d",141,3364
0,"8e",142,3365
0,"8e",142,3366
0,"8d",141,3367
0,"8f",143,3368
0,"7b",123,3369
0,71,113,3370
0,74,116,3371
0,73,115,3372
0,73,115,3373
0,73,115,3374
0,73,115,3375
0,73,115,3376
0,73,115,3377
0,74,116,3378
0,72,114,3379
0,73,115,3380
0,72,114,3381
0,74,116,3382
0,70,112,3383
0,80,128,3384
0,90,144,3385
0,"8c",140,3386
0,"8e",142,3387
0,"8c",140,3388
0,"8e",142,3389
0,"8d",141,3390
0,"8d",141,3391
0,"8e",142,3392
0,"8e",142,3393
0,"8d",141,3394
0,"8d",141,3395
0,"8d",141,3396
0,"8c",140,3397
0,90,144,3398
0,87,135,3399
0,71,113,3400
0,73,115,3401
0,73,115,3402
0,73,115,3403
0,73,115,3404
0,73,115,3405
0,73,115,3406
0,72,114,3407
0,73,115,3408
0,73,115,3409
0,74,116,3410
0,73,115,3411
0,73,115,3412
0,72,114,3413
0,73,115,3414
0,72,114,3415
0,74,116,3416
0,72,114,3417
0,74,116,3418
0,71,113,3419
0,81,129,3420
0,90,144,3421
0,"8c",140,3422
0,"8f",143,3423
0,"8d",141,3424
0,"8e",142,3425
0,"8d",141,3426
0,"8e",142,3427
0,"8d",141,3428
0,"8d",141,3429
0,"8d",141,3430
0,"8e",142,3431
0,"8c",140,3432
0,"8d",141,3433
0,"8d",141,3434
0,"8d",141,3435
0,"8d",141,3436
0,"8e",142,3437
0,"8d",141,3438
0,"8e",142,3439
0,"8c",140,3440
0,"8d",141,3441
0,"8b",139,3442
0,74,116,3443
0,73,115,3444
0,74,116,3445
0,73,115,3446
0,73,115,3447
0,72,114,3448
0,73,115,3449
0,72,114,3450
0,73,115,3451
0,73,115,3452
0,74,116,3453
0,72,114,3454
0,73,115,3455
0,72,114,3456
0,73,115,3457
0,72,114,3458
0,74,116,3459
0,72,114,3460
0,73,115,3461
0,72,114,3462
0,74,116,3463
0,71,113,3464
0,79,121,3465
0,"8e",142,3466
0,"8c",140,3467
0,"8e",142,3468
0,"8d",141,3469
0,"8c",140,3470
0,"8d",141,3471
0,"8e",142,3472
0,"8e",142,3473
0,"8d",141,3474
0,"8e",142,3475
0,"8c",140,3476
0,"8e",142,3477
0,"8d",141,3478
0,"8e",142,3479
0,"8c",140,3480
0,"8e",142,3481
0,"8d",141,3482
0,"8e",142,3483
0,"8c",140,3484
0,"8e",142,3485
0,"8c",140,3486
0,"8f",143,3487
0,85,133,3488
0,70,112,3489
0,75,117,3490
0,72,114,3491
0,73,115,3492
0,73,115,3493
0,74,116,3494
0,73,115,3495
0,73,115,3496
0,73,115,3497
0,72,114,3498
0,73,115,3499
0,73,115,3500
0,73,115,3501
0,72,114,3502
0,73,115,3503
0,73,115,3504
0,73,115,3505
0,72,114,3506
0,73,115,3507
0,72,114,3508
0,75,117,3509
0,70,112,3510
0,80,128,3511
0,"8f",143,3512
0,"8c",140,3513
0,"8d",141,3514
0,"8c",140,3515
0,"8d",141,3516
0,"8d",141,3517
0,"8d",141,3518
0,"8d",141,3519
0,"8d",141,3520
0,"8d",141,3521
0,"8d",141,3522
0,"8c",140,3523
0,"8e",142,3524
0,"8d",141,3525
0,"8e",142,3526
0,"8c",140,3527
0,"8d",141,3528
0,"8d",141,3529
0,"8e",142,3530
0,"8d",141,3531
0,"8e",142,3532
0,"8d",141,3533
0,75,117,3534
0,72,114,3535
0,73,115,3536
0,73,115,3537
0,73,115,3538
0,72,114,3539
0,73,115,3540
0,72,114,3541
0,74,116,3542
0,73,115,3543
0,73,115,3544
0,73,115,3545
0,73,115,3546
0,73,115,3547
0,73,115,3548
0,72,114,3549
0,73,115,3550
0,72,114,3551
0,73,115,3552
0,72,114,3553
0,74,116,3554
0,72,114,3555
0,73,115,3556
0,73,115,3557
0,73,115,3558
0,73,115,3559
0,74,116,3560
0,72,114,3561
0,73,115,3562
0,72,114,3563
0,74,116,3564
0,71,113,3565
0,"7c",124,3566
0,"8f",143,3567
0,"8d",141,3568
0,"8d",141,3569
0,"8d",141,3570
0,"8d",141,3571
0,"8d",141,3572
0,"8d",141,3573
0,"8d",141,3574
0,"8e",142,3575
0,"8d",141,3576
0,"8d",141,3577
0,"8e",142,3578
0,"8e",142,3579
0,"8e",142,3580
0,"8d",141,3581
0,"8e",142,3582
0,"8d",141,3583
0,"8d",141,3584
0,"8e",142,3585
0,"8e",142,3586
0,"8d",141,3587
0,"8d",141,3588
0,"8d",141,3589
0,"8d",141,3590
0,"8d",141,3591
0,"8d",141,3592
0,"8e",142,3593
0,"8d",141,3594
0,"8e",142,3595
0,"8c",140,3596
0,"8d",141,3597
0,"8c",140,3598
0,90,144,3599
0,87,135,3600
0,72,114,3601
0,73,115,3602
0,72,114,3603
0,73,115,3604
0,73,115,3605
0,73,115,3606
0,73,115,3607
0,72,114,3608
0,73,115,3609
0,73,115,3610
0,73,115,3611
0,73,115,3612
0,73,115,3613
0,72,114,3614
0,73,115,3615
0,72,114,3616
0,73,115,3617
0,73,115,3618
0,73,115,3619
0,73,115,3620
0,73,115,3621
0,73,115,3622
0,73,115,3623
0,73,115,3624
0,72,114,3625
0,73,115,3626
0,72,114,3627
0,74,116,3628
0,73,115,3629
0,73,115,3630
0,72,114,3631
0,74,116,3632
0,72,114,3633
0,77,119,3634
0,"8d",141,3635
0,"8d",141,3636
0,"8c",140,3637
0,"8e",142,3638
0,"8e",142,3639
0,"8d",141,3640
0,"8c",140,3641
0,"8e",142,3642
0,"8d",141,3643
0,"8e",142,3644
0,"8d",141,3645
0,"8e",142,3646
0,"8d",141,3647
0,"8d",141,3648
0,"8d",141,3649
0,"8e",142,3650
0,"8d",141,3651
0,"8d",141,3652
0,"8d",141,3653
0,"8e",142,3654
0,"8d",141,3655
0,"8c",140,3656
0,"8d",141,3657
0,"8d",141,3658
0,"8e",142,3659
0,"8c",140,3660
0,"8e",142,3661
0,"8c",140,3662
0,"8e",142,3663
0,"8d",141,3664
0,"8e",142,3665
0,"8d",141,3666
0,"8e",142,3667
0,"8a",138,3668
0,74,116,3669
0,72,114,3670
0,"7e",126,3671
0,81,129,3672
0,81,129,3673
0,80,128,3674
0,80,128,3675
0,80,128,3676
0,80,128,3677
0,80,128,3678
0,80,128,3679
0,"7f",127,3680
0,80,128,3681
0,80,128,3682
0,80,128,3683
0,80,128,3684
0,80,128,3685
0,80,128,3686
0,81,129,3687
0,81,129,3688
0,80,128,3689
0,80,128,3690
0,80,128,3691
0,80,128,3692
0,81,129,3693
0,80,128,3694
0,"7f",127,3695
0,80,128,3696
0,81,129,3697
0,80,128,3698
0,80,128,3699
0,80,128,3700
0,80,128,3701
0,80,128,3702
0,80,128,3703
0,"7f",127,3704
0,80,128,3705
0,81,129,3706
0,80,128,3707
0,"7f",127,3708
0,81,129,3709
0,80,128,3710
0,80,128,3711
0,80,128,3712
0,80,128,3713
0,80,128,3714
0,80,128,3715
0,81,129,3716
0,80,128,3717
0,80,128,3718
0,"7f",127,3719
0,80,128,3720
0,"7f",127,3721
0,"7f",127,3722
0,80,128,3723
0,80,128,3724
0,"7f",127,3725
0,80,128,3726
0,81,129,3727
0,80,128,3728
0,80,128,3729
0,80,128,3730
0,80,128,3731
0,80,128,3732
0,80,128,3733
0,80,128,3734
0,80,128,3735
0,80,128,3736
0,"7f",127,3737
0,"7f",127,3738
0,80,128,3739
0,80,128,3740
0,"7f",127,3741
0,80,128,3742
0,80,128,3743
0,80,128,3744
0,80,128,3745
0,80,128,3746
0,80,128,3747
0,80,128,3748
0,80,128,3749
0,80,128,3750
0,81,129,3751
0,"7f",127,3752
0,81,129,3753
0,81,129,3754
0,80,128,3755
0,81,129,3756
0,80,128,3757
0,81,129,3758
0,81,129,3759
0,80,128,3760
0,80,128,3761
0,"7f",127,3762
0,81,129,3763
0,80,128,3764
0,81,129,3765
0,"7f",127,3766
0,81,129,3767
0,81,129,3768
0,80,128,3769
0,80,128,3770
0,81,129,3771
0,80,128,3772
0,80,128,3773
0,80,128,3774
0,"7f",127,3775
0,80,128,3776
0,80,128,3777
0,"7f",127,3778
0,80,128,3779
0,80,128,3780
0,80,128,3781
0,80,128,3782
0,80,128,3783
0,80,128,3784
0,80,128,3785
0,80,128,3786
0,80,128,3787
0,80,128,3788
0,80,128,3789
0,80,128,3790
0,80,128,3791
0,80,128,3792
0,80,128,3793
0,80,128,3794
0,80,128,3795
0,80,128,3796
0,80,128,3797
0,80,128,3798
0,80,128,3799
0,80,128,3800
0,80,128,3801
0,80,128,3802
0,80,128,3803
0,"7f",127,3804
0,80,128,3805
0,80,128,3806
0,80,128,3807
0,80,128,3808
0,80,128,3809
0,80,128,3810
0,80,128,3811
0,80,128,3812
0,"7f",127,3813
0,80,128,3814
0,80,128,3815
0,80,128,3816
0,80,128,3817
0,"7f",127,3818
0,80,128,3819
0,80,128,3820
0,80,128,3821
0,80,128,3822
0,81,129,3823
0,80,128,3824
0,80,128,3825
0,80,128,3826
0,81,129,3827
0,"7f",127,3828
0,80,128,3829
0,81,129,3830
0,81,129,3831
0,"7f",127,3832
0,81,129,3833
0,80,128,3834
0,80,128,3835
0,81,129,3836
0,80,128,3837
0,80,128,3838
0,80,128,3839
0,80,128,3840
0,80,128,3841
0,80,128,3842
0,80,128,3843
0,"7f",127,3844
0,80,128,3845
0,"7f",127,3846
0,"7f",127,3847
0,81,129,3848
0,81,129,3849
0,80,128,3850
0,80,128,3851
0,80,128,3852
0,80,128,3853
0,80,128,3854
0,80,128,3855
0,80,128,3856
0,80,128,3857
0,81,129,3858
0,80,128,3859
0,80,128,3860
0,80,128,3861
0,80,128,3862
0,80,128,3863
0,80,128,3864
0,80,128,3865
0,"7f",127,3866
0,81,129,3867
0,81,129,3868
0,80,128,3869
0,80,128,3870
0,81,129,3871
0,80,128,3872
0,80,128,3873
0,80,128,3874
0,80,128,3875
0,80,128,3876
0,"7f",127,3877
0,81,129,3878
0,80,128,3879
0,80,128,3880
0,80,128,3881
0,80,128,3882
0,"7f",127,3883
0,81,129,3884
0,81,129,3885
0,80,128,3886
0,80,128,3887
0,80,128,3888
0,80,128,3889
0,80,128,3890
0,80,128,3891
0,80,128,3892
0,80,128,3893
0,80,128,3894
0,80,128,3895
0,80,128,3896
0,80,128,3897
0,80,128,3898
0,81,129,3899
0,"7f",127,3900
0,81,129,3901
0,"7f",127,3902
0,80,128,3903
0,81,129,3904
0,80,128,3905
0,80,128,3906
0,"7f",127,3907
0,80,128,3908
0,80,128,3909
0,80,128,3910
0,80,128,3911
0,80,128,3912
0,80,128,3913
0,80,128,3914
0,81,129,3915
0,"7f",127,3916
0,80,128,3917
0,81,129,3918
0,"7f",127,3919
0,81,129,3920
0,"7f",127,3921
0,80,128,3922
0,80,128,3923
0,80,128,3924
0,"7f",127,3925
0,80,128,3926
0,81,129,3927
0,"7f",127,3928
0,80,128,3929
0,80,128,3930
0,80,128,3931
0,80,128,3932
0,81,129,3933
0,81,129,3934
0,80,128,3935
0,80,128,3936
0,80,128,3937
0,"7f",127,3938
0,80,128,3939
0,"7f",127,3940
0,80,128,3941
0,80,128,3942
0,80,128,3943
0,81,129,3944
0,80,128,3945
0,80,128,3946
0,81,129,3947
0,80,128,3948
0,"7f",127,3949
0,80,128,3950
0,"7f",127,3951
0,80,128,3952
0,81,129,3953
0,80,128,3954
0,80,128,3955
0,80,128,3956
0,80,128,3957
0,80,128,3958
0,80,128,3959
0,"7f",127,3960
0,80,128,3961
0,80,128,3962
0,81,129,3963
0,80,128,3964
0,80,128,3965
0,80,128,3966
0,80,128,3967
0,80,128,3968
0,80,128,3969
0,80,128,3970
0,"7f",127,3971
0,80,128,3972
0,80,128,3973
0,80,128,3974
0,81,129,3975
0,80,128,3976
0,80,128,3977
0,"7f",127,3978
0,"7f",127,3979
0,80,128,3980
0,80,128,3981
0,81,129,3982
0,80,128,3983
0,80,128,3984
0,80,128,3985
0,80,128,3986
0,80,128,3987
0,80,128,3988
0,80,128,3989
0,81,129,3990
0,81,129,3991
0,81,129,3992
0,80,128,3993
0,80,128,3994
0,80,128,3995
0,81,129,3996
0,80,128,3997
0,"7f",127,3998
0,80,128,3999
0,80,128,4000
0,80,128,4001
0,80,128,4002
0,81,129,4003
0,"7f",127,4004
0,80,128,4005
0,80,128,4006
0,80,128,4007
0,80,128,4008
0,80,128,4009
0,80,128,4010
0,"7f",127,4011
0,80,128,4012
0,"7f",127,4013
0,80,128,4014
0,81,129,4015
0,80,128,4016
0,80,128,4017
0,80,128,4018
0,80,128,4019
0,80,128,4020
0,80,128,4021
0,80,128,4022
0,"7f",127,4023
0,"7f",127,4024
0,"7f",127,4025
0,80,128,4026
0,"7f",127,4027
0,80,128,4028
0,81,129,4029
0,81,129,4030
0,80,128,4031
0,80,128,4032
0,80,128,4033
0,80,128,4034
0,81,129,4035
0,80,128,4036
0,80,128,4037
0,80,128,4038
0,80,128,4039
0,80,128,4040
0,80,128,4041
0,80,128,4042
0,80,128,4043
0,80,128,4044
0,80,128,4045
0,80,128,4046
0,80,128,4047
0,80,128,4048
0,80,128,4049
0,80,128,4050
0,80,128,4051
0,"7f",127,4052
0,81,129,4053
0,80,128,4054
0,80,128,4055
0,81,129,4056
0,80,128,4057
0,80,128,4058
0,80,128,4059
0,80,128,4060
0,81,129,4061
0,80,128,4062
0,80,128,4063
0,"7f",127,4064
0,80,128,4065
0,80,128,4066
0,80,128,4067
0,"7f",127,4068
0,81,129,4069
0,"7f",127,4070
0,80,128,4071
0,80,128,4072
0,80,128,4073
0,80,128,4074
0,80,128,4075
0,80,128,4076
0,"7f",127,4077
0,"7f",127,4078
0,"7f",127,4079
0,80,128,4080
0,80,128,4081
0,"7f",127,4082
0,80,128,4083
0,"7f",127,4084
0,81,129,4085
0,"7f",127,4086
0,81,129,4087
0,"7f",127,4088
0,80,128,4089
0,80,128,4090
0,80,128,4091
0,80,128,4092
0,80,128,4093
0,80,128,4094
0,80,128,4095
0,81,129,4096
0,81,129,4097
0,81,129,4098
0,80,128,4099
0,80,128,4100
0,80,128,4101
0,80,128,4102
0,80,128,4103
0,81,129,4104
0,80,128,4105
0,80,128,4106
0,80,128,4107
0,81,129,4108
0,80,128,4109
0,80,128,4110
0,81,129,4111
0,80,128,4112
0,80,128,4113
0,80,128,4114
0,81,129,4115
0,80,128,4116
0,80,128,4117
0,"7f",127,4118
0,80,128,4119
0,80,128,4120
0,80,128,4121
0,80,128,4122
0,80,128,4123
0,81,129,4124
0,"7f",127,4125
0,80,128,4126
0,80,128,4127
0,80,128,4128
0,80,128,4129
0,80,128,4130
0,80,128,4131
0,81,129,4132
0,80,128,4133
0,"7f",127,4134
0,80,128,4135
0,81,129,4136
0,80,128,4137
0,80,128,4138
0,80,128,4139
0,"7f",127,4140
0,80,128,4141
0,"7f",127,4142
0,80,128,4143
0,80,128,4144
0,80,128,4145
0,80,128,4146
0,80,128,4147
0,80,128,4148
0,80,128,4149
0,80,128,4150
0,80,128,4151
0,80,128,4152
0,81,129,4153
0,"7f",127,4154
0,80,128,4155
0,"7f",127,4156
0,80,128,4157
0,81,129,4158
0,80,128,4159
0,80,128,4160
0,80,128,4161
0,81,129,4162
0,80,128,4163
0,80,128,4164
0,80,128,4165
0,80,128,4166
0,80,128,4167
0,80,128,4168
0,80,128,4169
0,80,128,4170
0,81,129,4171
0,"7f",127,4172
0,80,128,4173
0,80,128,4174
0,80,128,4175
0,80,128,4176
0,80,128,4177
0,80,128,4178
0,"7f",127,4179
0,80,128,4180
0,80,128,4181
0,81,129,4182
0,80,128,4183
0,80,128,4184
0,81,129,4185
0,81,129,4186
0,"7f",127,4187
0,"7f",127,4188
0,81,129,4189
0,80,128,4190
0,80,128,4191
0,80,128,4192
0,81,129,4193
0,80,128,4194
0,80,128,4195
0,80,128,4196
0,80,128,4197
0,80,128,4198
0,80,128,4199
0,80,128,4200
0,80,128,4201
0,80,128,4202
0,80,128,4203
0,80,128,4204
0,80,128,4205
0,80,128,4206
0,80,128,4207
0,81,129,4208
0,80,128,4209
0,80,128,4210
0,80,128,4211
0,80,128,4212
0,80,128,4213
0,80,128,4214
0,"7f",127,4215
0,80,128,4216
0,"7f",127,4217
0,80,128,4218
0,80,128,4219
0,80,128,4220
0,80,128,4221
0,81,129,4222
0,80,128,4223
0,"7f",127,4224
0,"7f",127,4225
0,80,128,4226
0,80,128,4227
0,80,128,4228
0,80,128,4229
0,81,129,4230
0,80,128,4231
0,81,129,4232
0,80,128,4233
0,80,128,4234
0,80,128,4235
0,80,128,4236
0,"7f",127,4237
0,80,128,4238
0,80,128,4239
0,81,129,4240
0,80,128,4241
0,80,128,4242
0,80,128,4243
0,80,128,4244
0,81,129,4245
0,80,128,4246
0,80,128,4247
0,80,128,4248
0,"7f",127,4249
0,80,128,4250
0,80,128,4251
0,81,129,4252
0,80,128,4253
0,81,129,4254
0,80,128,4255
0,80,128,4256
0,80,128,4257
0,"7f",127,4258
0,80,128,4259
0,80,128,4260
0,80,128,4261
0,80,128,4262
0,80,128,4263
0,80,128,4264
0,"7f",127,4265
0,80,128,4266
0,81,129,4267
0,80,128,4268
0,80,128,4269
0,80,128,4270
0,80,128,4271
0,81,129,4272
0,80,128,4273
0,80,128,4274
0,81,129,4275
0,80,128,4276
0,80,128,4277
0,80,128,4278
0,80,128,4279
0,80,128,4280
0,81,129,4281
0,"7f",127,4282
0,80,128,4283
0,"7f",127,4284
0,80,128,4285
0,"7f",127,4286
0,80,128,4287
0,"7f",127,4288
0,80,128,4289
0,80,128,4290
0,80,128,4291
0,80,128,4292
0,80,128,4293
0,80,128,4294
0,80,128,4295
0,80,128,4296
0,80,128,4297
0,80,128,4298
0,80,128,4299
0,80,128,4300
0,81,129,4301
0,80,128,4302
0,80,128,4303
0,80,128,4304
0,80,128,4305
0,80,128,4306
0,80,128,4307
0,"7f",127,4308
0,80,128,4309
0,80,128,4310
0,81,129,4311
0,81,129,4312
0,80,128,4313
0,80,128,4314
0,80,128,4315
0,80,128,4316
0,80,128,4317
0,80,128,4318
0,80,128,4319
0,80,128,4320
0,80,128,4321
0,81,129,4322
0,80,128,4323
0,"7f",127,4324
0,80,128,4325
0,80,128,4326
0,80,128,4327
0,80,128,4328
0,80,128,4329
0,80,128,4330
0,81,129,4331
0,"7f",127,4332
0,81,129,4333
0,"7e",126,4334
0,81,129,4335
0,"7e",126,4336
0,81,129,4337
0,"7b",123,4338
0,74,116,4339
0,70,112,4340
0,"7e",126,4341
0,"8e",142,4342
0,"8f",143,4343
0,88,136,4344
0,75,117,4345
0,71,113,4346
0,"7a",122,4347
0,"8b",139,4348
0,91,145,4349
0,84,132,4350
0,74,116,4351
0,70,112,4352
0,"7f",127,4353
0,"8e",142,4354
0,"8f",143,4355
0,87,135,4356
0,74,116,4357
0,70,112,4358
0,"7b",123,4359
0,"8c",140,4360
0,91,145,4361
0,82,130,4362
0,74,116,4363
0,"6f",111,4364
0,"7f",127,4365
0,"8d",141,4366
0,90,144,4367
0,87,135,4368
0,74,116,4369
0,70,112,4370
0,"7c",124,4371
0,"8b",139,4372
0,90,144,4373
0,82,130,4374
0,73,115,4375
0,70,112,4376
0,78,120,4377
0,"8a",138,4378
0,91,145,4379
0,85,133,4380
0,75,117,4381
0,"6f",111,4382
0,"7d",125,4383
0,"8c",140,4384
0,91,145,4385
0,81,129,4386
0,73,115,4387
0,71,113,4388
0,79,121,4389
0,"8a",138,4390
0,90,144,4391
0,85,133,4392
0,75,117,4393
0,"6f",111,4394
0,"7c",124,4395
0,"8e",142,4396
0,"8f",143,4397
0,89,137,4398
0,77,119,4399
0,"6f",111,4400
0,"7a",122,4401
0,"8a",138,4402
0,91,145,4403
0,83,131,4404
0,74,116,4405
0,"6f",111,4406
0,"7d",125,4407
0,"8d",141,4408
0,90,144,4409
0,89,137,4410
0,76,118,4411
0,"6f",111,4412
0,"7a",122,4413
0,"8b",139,4414
0,91,145,4415
0,84,132,4416
0,73,115,4417
0,72,114,4418
0,77,119,4419
0,88,136,4420
0,91,145,4421
0,87,135,4422
0,76,118,4423
0,"6f",111,4424
0,"7b",123,4425
0,"8a",138,4426
0,91,145,4427
0,84,132,4428
0,74,116,4429
0,70,112,4430
0,76,118,4431
0,89,137,4432
0,91,145,4433
0,86,134,4434
0,76,118,4435
0,"6f",111,4436
0,"7c",124,4437
0,"8a",138,4438
0,91,145,4439
0,82,130,4440
0,74,116,4441
0,70,112,4442
0,78,120,4443
0,"8a",138,4444
0,91,145,4445
0,85,133,4446
0,76,118,4447
0,"6f",111,4448
0,"7c",124,4449
0,"8c",140,4450
0,"8f",143,4451
0,89,137,4452
0,78,120,4453
0,"6f",111,4454
0,79,121,4455
0,89,137,4456
0,91,145,4457
0,85,133,4458
0,75,117,4459
0,"6f",111,4460
0,"7c",124,4461
0,"8c",140,4462
0,"8f",143,4463
0,89,137,4464
0,77,119,4465
0,70,112,4466
0,79,121,4467
0,"8a",138,4468
0,90,144,4469
0,87,135,4470
0,72,114,4471
0,73,115,4472
0,73,115,4473
0,78,120,4474
0,"8f",143,4475
0,"8b",139,4476
0,"8e",142,4477
0,"8c",140,4478
0,79,121,4479
0,70,112,4480
0,76,118,4481
0,"6f",111,4482
0,80,128,4483
0,"8f",143,4484
0,"8c",140,4485
0,"8d",141,4486
0,"8d",141,4487
0,"7a",122,4488
0,"6f",111,4489
0,76,118,4490
0,"6f",111,4491
0,"7f",127,4492
0,"8f",143,4493
0,"8c",140,4494
0,"8c",140,4495
0,"8e",142,4496
0,"7b",123,4497
0,71,113,4498
0,76,118,4499
0,70,112,4500
0,"7d",125,4501
0,"8e",142,4502
0,"8d",141,4503
0,"8d",141,4504
0,"8f",143,4505
0,"7d",125,4506
0,70,112,4507
0,75,117,4508
0,70,112,4509
0,"7b",123,4510
0,"8f",143,4511
0,"8c",140,4512
0,"8d",141,4513
0,"8c",140,4514
0,75,117,4515
0,72,114,4516
0,75,117,4517
0,70,112,4518
0,79,121,4519
0,"8e",142,4520
0,"8d",141,4521
0,"8d",141,4522
0,"8c",140,4523
0,77,119,4524
0,71,113,4525
0,75,117,4526
0,71,113,4527
0,77,119,4528
0,"8d",141,4529
0,"8e",142,4530
0,"8d",141,4531
0,"8e",142,4532
0,79,121,4533
0,71,113,4534
0,74,116,4535
0,72,114,4536
0,77,119,4537
0,"8c",140,4538
0,"8d",141,4539
0,"8c",140,4540
0,"8f",143,4541
0,"7b",123,4542
0,70,112,4543
0,75,117,4544
0,71,113,4545
0,"7d",125,4546
0,"8e",142,4547
0,"8d",141,4548
0,"8d",141,4549
0,"8e",142,4550
0,"7c",124,4551
0,70,112,4552
0,75,117,4553
0,"6f",111,4554
0,"7c",124,4555
0,"8e",142,4556
0,"8d",141,4557
0,"8c",140,4558
0,"8f",143,4559
0,"7f",127,4560
0,70,112,4561
0,74,116,4562
0,70,112,4563
0,"7a",122,4564
0,"8f",143,4565
0,"8d",141,4566
0,"8e",142,4567
0,"8d",141,4568
0,77,119,4569
0,71,113,4570
0,74,116,4571
0,71,113,4572
0,78,120,4573
0,"8d",141,4574
0,"8e",142,4575
0,"8d",141,4576
0,"8e",142,4577
0,78,120,4578
0,72,114,4579
0,74,116,4580
0,71,113,4581
0,76,118,4582
0,"8c",140,4583
0,"8e",142,4584
0,"8d",141,4585
0,"8e",142,4586
0,79,121,4587
0,71,113,4588
0,74,116,4589
0,72,114,4590
0,76,118,4591
0,"8b",139,4592
0,"8e",142,4593
0,"8c",140,4594
0,90,144,4595
0,"7c",124,4596
0,70,112,4597
0,76,118,4598
0,70,112,4599
0,"7c",124,4600
0,"8e",142,4601
0,"8d",141,4602
0,"8d",141,4603
0,"8f",143,4604
0,"7e",126,4605
0,70,112,4606
0,74,116,4607
0,71,113,4608
0,74,116,4609
0,71,113,4610
0,77,119,4611
0,"8c",140,4612
0,"8e",142,4613
0,"8c",140,4614
0,"8e",142,4615
0,"8c",140,4616
0,"8f",143,4617
0,80,128,4618
0,70,112,4619
0,74,116,4620
0,72,114,4621
0,73,115,4622
0,73,115,4623
0,72,114,4624
0,84,132,4625
0,91,145,4626
0,"8b",139,4627
0,"8e",142,4628
0,"8c",140,4629
0,"8e",142,4630
0,"8e",142,4631
0,"7b",123,4632
0,"6f",111,4633
0,75,117,4634
0,71,113,4635
0,75,117,4636
0,70,112,4637
0,"7a",122,4638
0,"8e",142,4639
0,"8d",141,4640
0,"8d",141,4641
0,"8d",141,4642
0,"8d",141,4643
0,90,144,4644
0,85,133,4645
0,70,112,4646
0,74,116,4647
0,72,114,4648
0,73,115,4649
0,74,116,4650
0,73,115,4651
0,87,135,4652
0,"8f",143,4653
0,"8c",140,4654
0,"8e",142,4655
0,"8d",141,4656
0,"8e",142,4657
0,"8c",140,4658
0,77,119,4659
0,71,113,4660
0,73,115,4661
0,71,113,4662
0,73,115,4663
0,71,113,4664
0,76,118,4665
0,"8b",139,4666
0,"8e",142,4667
0,"8c",140,4668
0,"8e",142,4669
0,"8b",139,4670
0,90,144,4671
0,80,128,4672
0,71,113,4673
0,73,115,4674
0,72,114,4675
0,73,115,4676
0,73,115,4677
0,71,113,4678
0,81,129,4679
0,90,144,4680
0,"8b",139,4681
0,"8e",142,4682
0,"8d",141,4683
0,"8d",141,4684
0,"8f",143,4685
0,"7c",124,4686
0,70,112,4687
0,74,116,4688
0,71,113,4689
0,74,116,4690
0,70,112,4691
0,78,120,4692
0,"8e",142,4693
0,"8d",141,4694
0,"8c",140,4695
0,"8d",141,4696
0,"8c",140,4697
0,"8f",143,4698
0,85,133,4699
0,71,113,4700
0,74,116,4701
0,73,115,4702
0,73,115,4703
0,73,115,4704
0,72,114,4705
0,86,134,4706
0,"8f",143,4707
0,"8b",139,4708
0,"8e",142,4709
0,"8d",141,4710
0,"8e",142,4711
0,"8d",141,4712
0,77,119,4713
0,70,112,4714
0,74,116,4715
0,72,114,4716
0,74,116,4717
0,72,114,4718
0,75,117,4719
0,"8a",138,4720
0,"8f",143,4721
0,"8c",140,4722
0,"8f",143,4723
0,"8b",139,4724
0,91,145,4725
0,81,129,4726
0,72,114,4727
0,73,115,4728
0,73,115,4729
0,72,114,4730
0,74,116,4731
0,70,112,4732
0,81,129,4733
0,"8f",143,4734
0,"8c",140,4735
0,"8e",142,4736
0,"8e",142,4737
0,"8d",141,4738
0,"8f",143,4739
0,86,134,4740
0,71,113,4741
0,74,116,4742
0,71,113,4743
0,73,115,4744
0,72,114,4745
0,74,116,4746
0,72,114,4747
0,73,115,4748
0,72,114,4749
0,77,119,4750
0,"8d",141,4751
0,"8d",141,4752
0,"8d",141,4753
0,"8d",141,4754
0,"8d",141,4755
0,"8d",141,4756
0,"8e",142,4757
0,"8c",140,4758
0,"8f",143,4759
0,85,133,4760
0,70,112,4761
0,75,117,4762
0,72,114,4763
0,73,115,4764
0,73,115,4765
0,73,115,4766
0,72,114,4767
0,74,116,4768
0,72,114,4769
0,78,120,4770
0,"8e",142,4771
0,"8c",140,4772
0,"8d",141,4773
0,"8d",141,4774
0,"8d",141,4775
0,"8d",141,4776
0,"8d",141,4777
0,"8e",142,4778
0,"8d",141,4779
0,"8b",139,4780
0,74,116,4781
0,72,114,4782
0,73,115,4783
0,72,114,4784
0,73,115,4785
0,73,115,4786
0,74,116,4787
0,73,115,4788
0,73,115,4789
0,72,114,4790
0,89,137,4791
0,"8e",142,4792
0,"8d",141,4793
0,"8e",142,4794
0,"8d",141,4795
0,"8e",142,4796
0,"8c",140,4797
0,"8e",142,4798
0,"8c",140,4799
0,"8f",143,4800
0,"7c",124,4801
0,70,112,4802
0,75,117,4803
0,72,114,4804
0,73,115,4805
0,73,115,4806
0,73,115,4807
0,71,113,4808
0,74,116,4809
0,70,112,4810
0,80,128,4811
0,90,144,4812
0,"8b",139,4813
0,"8e",142,4814
0,"8c",140,4815
0,"8e",142,4816
0,"8c",140,4817
0,"8f",143,4818
0,"8b",139,4819
0,"8f",143,4820
0,83,131,4821
0,71,113,4822
0,74,116,4823
0,73,115,4824
0,74,116,4825
0,72,114,4826
0,74,116,4827
0,72,114,4828
0,75,117,4829
0,71,113,4830
0,78,120,4831
0,"8f",143,4832
0,"8c",140,4833
0,"8e",142,4834
0,"8c",140,4835
0,"8d",141,4836
0,"8c",140,4837
0,"8d",141,4838
0,"8d",141,4839
0,"8e",142,4840
0,"8b",139,4841
0,74,116,4842
0,74,116,4843
0,73,115,4844
0,73,115,4845
0,73,115,4846
0,73,115,4847
0,73,115,4848
0,73,115,4849
0,73,115,4850
0,74,116,4851
0,89,137,4852
0,"8e",142,4853
0,"8c",140,4854
0,"8f",143,4855
0,"8c",140,4856
0,"8f",143,4857
0,"8c",140,4858
0,"8e",142,4859
0,"8c",140,4860
0,"8f",143,4861
0,"7a",122,4862
0,71,113,4863
0,73,115,4864
0,72,114,4865
0,73,115,4866
0,71,113,4867
0,75,117,4868
0,72,114,4869
0,75,117,4870
0,"6f",111,4871
0,84,132,4872
0,"8d",141,4873
0,"8f",143,4874
0,84,132,4875
0,72,114,4876
0,70,112,4877
0,"7e",126,4878
0,"8e",142,4879
0,"8e",142,4880
0,88,136,4881
0,74,116,4882
0,70,112,4883
0,"7b",123,4884
0,"8c",140,4885
0,91,145,4886
0,83,131,4887
0,73,115,4888
0,71,113,4889
0,77,119,4890
0,"8a",138,4891
0,91,145,4892
0,86,134,4893
0,76,118,4894
0,"6f",111,4895
0,"7c",124,4896
0,"8b",139,4897
0,90,144,4898
0,82,130,4899
0,73,115,4900
0,71,113,4901
0,78,120,4902
0,"8a",138,4903
0,92,146,4904
0,85,133,4905
0,75,117,4906
0,"6f",111,4907
0,"7c",124,4908
0,"8d",141,4909
0,"8f",143,4910
0,89,137,4911
0,77,119,4912
0,70,112,4913
0,79,121,4914
0,"8a",138,4915
0,91,145,4916
0,84,132,4917
0,75,117,4918
0,"6f",111,4919
0,"7e",126,4920
0,"8c",140,4921
0,"8f",143,4922
0,88,136,4923
0,76,118,4924
0,"6e",110,4925
0,"7a",122,4926
0,"8c",140,4927
0,91,145,4928
0,84,132,4929
0,74,116,4930
0,71,113,4931
0,77,119,4932
0,88,136,4933
0,92,146,4934
0,87,135,4935
0,76,118,4936
0,"6f",111,4937
0,"7b",123,4938
0,"8b",139,4939
0,91,145,4940
0,84,132,4941
0,74,116,4942
0,71,113,4943
0,77,119,4944
0,89,137,4945
0,91,145,4946
0,86,134,4947
0,76,118,4948
0,"6f",111,4949
0,"7c",124,4950
0,"8b",139,4951
0,91,145,4952
0,83,131,4953
0,73,115,4954
0,71,113,4955
0,77,119,4956
0,89,137,4957
0,91,145,4958
0,86,134,4959
0,76,118,4960
0,"6f",111,4961
0,"7c",124,4962
0,"8d",141,4963
0,"8f",143,4964
0,"8a",138,4965
0,78,120,4966
0,"6f",111,4967
0,79,121,4968
0,89,137,4969
0,91,145,4970
0,86,134,4971
0,76,118,4972
0,"6e",110,4973
0,"7c",124,4974
0,"8c",140,4975
0,90,144,4976
0,89,137,4977
0,77,119,4978
0,"6e",110,4979
0,79,121,4980
0,89,137,4981
0,91,145,4982
0,86,134,4983
0,75,117,4984
0,70,112,4985
0,76,118,4986
0,86,134,4987
0,92,146,4988
0,88,136,4989
0,78,120,4990
0,"6e",110,4991
0,"7a",122,4992
0,89,137,4993
0,91,145,4994
0,85,133,4995
0,73,115,4996
0,72,114,4997
0,76,118,4998
0,88,136,4999
0,"8f",143,5000
0,88,136,5001
0,77,119,5002
0,71,113,5003
0,78,120,5004
0,"8c",140,5005
0,"8e",142,5006
0,"8d",141,5007
0,"8a",138,5008
0,71,113,5009
0,74,116,5010
0,73,115,5011
0,73,115,5012
0,87,135,5013
0,91,145,5014
0,"8a",138,5015
0,91,145,5016
0,80,128,5017
0,71,113,5018
0,73,115,5019
0,73,115,5020
0,72,114,5021
0,84,132,5022
0,90,144,5023
0,"8a",138,5024
0,91,145,5025
0,82,130,5026
0,71,113,5027
0,73,115,5028
0,74,116,5029
0,72,114,5030
0,83,131,5031
0,90,144,5032
0,"8a",138,5033
0,90,144,5034
0,84,132,5035
0,72,114,5036
0,72,114,5037
0,73,115,5038
0,70,112,5039
0,82,130,5040
0,90,144,5041
0,"8b",139,5042
0,90,144,5043
0,86,134,5044
0,72,114,5045
0,73,115,5046
0,73,115,5047
0,73,115,5048
0,89,137,5049
0,"8f",143,5050
0,"8b",139,5051
0,"8f",143,5052
0,88,136,5053
0,73,115,5054
0,73,115,5055
0,73,115,5056
0,73,115,5057
0,87,135,5058
0,"8f",143,5059
0,"8c",140,5060
0,"8e",142,5061
0,89,137,5062
0,74,116,5063
0,73,115,5064
0,73,115,5065
0,72,114,5066
0,85,133,5067
0,90,144,5068
0,"8b",139,5069
0,91,145,5070
0,82,130,5071
0,71,113,5072
0,73,115,5073
0,72,114,5074
0,72,114,5075
0,83,131,5076
0,90,144,5077
0,"8a",138,5078
0,90,144,5079
0,84,132,5080
0,72,114,5081
0,73,115,5082
0,73,115,5083
0,72,114,5084
0,81,129,5085
0,91,145,5086
0,"8a",138,5087
0,90,144,5088
0,85,133,5089
0,72,114,5090
0,73,115,5091
0,74,116,5092
0,70,112,5093
0,81,129,5094
0,90,144,5095
0,"8b",139,5096
0,"8f",143,5097
0,88,136,5098
0,73,115,5099
0,73,115,5100
0,74,116,5101
0,72,114,5102
0,87,135,5103
0,"8f",143,5104
0,"8b",139,5105
0,90,144,5106
0,89,137,5107
0,74,116,5108
0,72,114,5109
0,74,116,5110
0,71,113,5111
0,86,134,5112
0,"8f",143,5113
0,"8d",141,5114
0,"8f",143,5115
0,"8a",138,5116
0,74,116,5117
0,73,115,5118
0,75,117,5119
0,70,112,5120
0,85,133,5121
0,"8f",143,5122
0,"8c",140,5123
0,"8e",142,5124
0,"8b",139,5125
0,76,118,5126
0,72,114,5127
0,75,117,5128
0,71,113,5129
0,83,131,5130
0,91,145,5131
0,"8c",140,5132
0,"8f",143,5133
0,85,133,5134
0,71,113,5135
0,73,115,5136
0,73,115,5137
0,70,112,5138
0,80,128,5139
0,90,144,5140
0,"8c",140,5141
0,"8e",142,5142
0,"8c",140,5143
0,"8f",143,5144
0,"8b",139,5145
0,76,118,5146
0,72,114,5147
0,74,116,5148
0,72,114,5149
0,74,116,5150
0,70,112,5151
0,80,128,5152
0,"8f",143,5153
0,"8b",139,5154
0,"8e",142,5155
0,"8d",141,5156
0,"8c",140,5157
0,"8f",143,5158
0,"7e",126,5159
0,70,112,5160
0,75,117,5161
0,71,113,5162
0,74,116,5163
0,71,113,5164
0,76,118,5165
0,"8b",139,5166
0,"8e",142,5167
0,"8c",140,5168
0,"8f",143,5169
0,"8b",139,5170
0,"8f",143,5171
0,88,136,5172
0,72,114,5173
0,73,115,5174
0,74,116,5175
0,72,114,5176
0,74,116,5177
0,71,113,5178
0,"7a",122,5179
0,"8f",143,5180
0,"8c",140,5181
0,"8d",141,5182
0,"8d",141,5183
0,"8c",140,5184
0,"8f",143,5185
0,"7a",122,5186
0,71,113,5187
0,74,116,5188
0,72,114,5189
0,73,115,5190
0,73,115,5191
0,73,115,5192
0,88,136,5193
0,"8e",142,5194
0,"8c",140,5195
0,"8e",142,5196
0,"8c",140,5197
0,"8e",142,5198
0,"8b",139,5199
0,76,118,5200
0,71,113,5201
0,75,117,5202
0,71,113,5203
0,74,116,5204
0,"6f",111,5205
0,"7f",127,5206
0,"8f",143,5207
0,"8c",140,5208
0,"8d",141,5209
0,"8f",143,5210
0,"8c",140,5211
0,90,144,5212
0,80,128,5213
0,71,113,5214
0,74,116,5215
0,72,114,5216
0,73,115,5217
0,74,116,5218
0,72,114,5219
0,83,131,5220
0,91,145,5221
0,"8b",139,5222
0,"8f",143,5223
0,"8c",140,5224
0,"8f",143,5225
0,89,137,5226
0,74,116,5227
0,72,114,5228
0,73,115,5229
0,71,113,5230
0,74,116,5231
0,71,113,5232
0,79,121,5233
0,"8e",142,5234
0,"8e",142,5235
0,"8d",141,5236
0,"8e",142,5237
0,"8c",140,5238
0,90,144,5239
0,"7b",123,5240
0,71,113,5241
0,74,116,5242
0,72,114,5243
0,73,115,5244
0,73,115,5245
0,72,114,5246
0,87,135,5247
0,90,144,5248
0,"8c",140,5249
0,"8e",142,5250
0,"8c",140,5251
0,"8e",142,5252
0,"8c",140,5253
0,77,119,5254
0,71,113,5255
0,75,117,5256
0,71,113,5257
0,75,117,5258
0,70,112,5259
0,"7d",125,5260
0,"8e",142,5261
0,"8d",141,5262
0,"8c",140,5263
0,"8e",142,5264
0,"8c",140,5265
0,90,144,5266
0,80,128,5267
0,71,113,5268
0,74,116,5269
0,73,115,5270
0,73,115,5271
0,73,115,5272
0,71,113,5273
0,79,121,5274
0,"8e",142,5275
0,"8c",140,5276
0,"8e",142,5277
0,"8d",141,5278
0,"8e",142,5279
0,"8c",140,5280
0,"8e",142,5281
0,"8c",140,5282
0,"8e",142,5283
0,82,130,5284
0,70,112,5285
0,74,116,5286
0,71,113,5287
0,73,115,5288
0,72,114,5289
0,74,116,5290
0,72,114,5291
0,74,116,5292
0,71,113,5293
0,"7b",123,5294
0,"8e",142,5295
0,"8d",141,5296
0,"8d",141,5297
0,"8d",141,5298
0,"8e",142,5299
0,"8c",140,5300
0,"8d",141,5301
0,"8d",141,5302
0,"8e",142,5303
0,"8a",138,5304
0,74,116,5305
0,72,114,5306
0,73,115,5307
0,73,115,5308
0,73,115,5309
0,73,115,5310
0,73,115,5311
0,73,115,5312
0,73,115,5313
0,73,115,5314
0,"8b",139,5315
0,"8e",142,5316
0,"8d",141,5317
0,"8d",141,5318
0,"8c",140,5319
0,"8e",142,5320
0,"8d",141,5321
0,"8e",142,5322
0,"8c",140,5323
0,"8f",143,5324
0,78,120,5325
0,71,113,5326
0,73,115,5327
0,72,114,5328
0,73,115,5329
0,72,114,5330
0,74,116,5331
0,72,114,5332
0,75,117,5333
0,71,113,5334
0,83,131,5335
0,90,144,5336
0,"8c",140,5337
0,"8e",142,5338
0,"8c",140,5339
0,"8e",142,5340
0,"8c",140,5341
0,"8e",142,5342
0,"8b",139,5343
0,90,144,5344
0,81,129,5345
0,70,112,5346
0,74,116,5347
0,72,114,5348
0,74,116,5349
0,72,114,5350
0,73,115,5351
0,72,114,5352
0,74,116,5353
0,71,113,5354
0,"7b",123,5355
0,"8f",143,5356
0,"8b",139,5357
0,"8f",143,5358
0,"8d",141,5359
0,"8e",142,5360
0,"8c",140,5361
0,"8e",142,5362
0,"8c",140,5363
0,"8e",142,5364
0,88,136,5365
0,73,115,5366
0,73,115,5367
0,72,114,5368
0,73,115,5369
0,73,115,5370
0,73,115,5371
0,73,115,5372
0,72,114,5373
0,73,115,5374
0,74,116,5375
0,"8b",139,5376
0,"8d",141,5377
0,"8d",141,5378
0,"8d",141,5379
0,"8d",141,5380
0,"8e",142,5381
0,"8d",141,5382
0,"8e",142,5383
0,"8c",140,5384
0,"8e",142,5385
0,78,120,5386
0,72,114,5387
0,73,115,5388
0,72,114,5389
0,73,115,5390
0,72,114,5391
0,73,115,5392
0,73,115,5393
0,72,114,5394
0,75,117,5395
0,"8c",140,5396
0,"8d",141,5397
0,"8d",141,5398
0,"8d",141,5399
0,"8d",141,5400
0,"8e",142,5401
0,"8d",141,5402
0,"8d",141,5403
0,"8e",142,5404
0,"8d",141,5405
0,77,119,5406
0,71,113,5407
0,74,116,5408
0,72,114,5409
0,73,115,5410
0,72,114,5411
0,73,115,5412
0,73,115,5413
0,74,116,5414
0,73,115,5415
0,74,116,5416
0,72,114,5417
0,73,115,5418
0,72,114,5419
0,75,117,5420
0,"8c",140,5421
0,"8f",143,5422
0,"8d",141,5423
0,"8e",142,5424
0,"8d",141,5425
0,"8d",141,5426
0,"8c",140,5427
0,"8e",142,5428
0,"8d",141,5429
0,"8e",142,5430
0,"8d",141,5431
0,"8e",142,5432
0,"8d",141,5433
0,"8c",140,5434
0,"8e",142,5435
0,"7a",122,5436
0,71,113,5437
0,74,116,5438
0,72,114,5439
0,74,116,5440
0,72,114,5441
0,73,115,5442
0,73,115,5443
0,72,114,5444
0,73,115,5445
0,72,114,5446
0,73,115,5447
0,72,114,5448
0,74,116,5449
0,71,113,5450
0,80,128,5451
0,90,144,5452
0,"8b",139,5453
0,"8e",142,5454
0,"8d",141,5455
0,"8e",142,5456
0,"8e",142,5457
0,"8d",141,5458
0,"8e",142,5459
0,"8d",141,5460
0,"8d",141,5461
0,"8c",140,5462
0,"8e",142,5463
0,"8c",140,5464
0,90,144,5465
0,85,133,5466
0,72,114,5467
0,73,115,5468
0,73,115,5469
0,74,116,5470
0,73,115,5471
0,73,115,5472
0,73,115,5473
0,73,115,5474
0,73,115,5475
0,72,114,5476
0,74,116,5477
0,72,114,5478
0,75,117,5479
0,71,113,5480
0,"7e",126,5481
0,"8f",143,5482
0,"8c",140,5483
0,"8e",142,5484
0,"8d",141,5485
0,"8d",141,5486
0,"8d",141,5487
0,"8c",140,5488
0,"8e",142,5489
0,"8d",141,5490
0,"8e",142,5491
0,"8c",140,5492
0,"8f",143,5493
0,"8d",141,5494
0,"8f",143,5495
0,87,135,5496
0,73,115,5497
0,73,115,5498
0,73,115,5499
0,73,115,5500
0,74,116,5501
0,72,114,5502
0,74,116,5503
0,72,114,5504
0,73,115,5505
0,72,114,5506
0,74,116,5507
0,72,114,5508
0,73,115,5509
0,73,115,5510
0,75,117,5511
0,"8a",138,5512
0,"8e",142,5513
0,"8d",141,5514
0,"8e",142,5515
0,"8c",140,5516
0,"8d",141,5517
0,"8c",140,5518
0,"8e",142,5519
0,"8d",141,5520
0,"8d",141,5521
0,"8d",141,5522
0,"8d",141,5523
0,"8e",142,5524
0,"8c",140,5525
0,"8f",143,5526
0,"7b",123,5527
0,70,112,5528
0,75,117,5529
0,72,114,5530
0,73,115,5531
0,73,115,5532
0,73,115,5533
0,73,115,5534
0,73,115,5535
0,72,114,5536
0,73,115,5537
0,72,114,5538
0,73,115,5539
0,73,115,5540
0,74,116,5541
0,72,114,5542
0,86,134,5543
0,"8f",143,5544
0,"8b",139,5545
0,"8e",142,5546
0,"8c",140,5547
0,"8d",141,5548
0,"8c",140,5549
0,"8d",141,5550
0,"8d",141,5551
0,"8d",141,5552
0,"8d",141,5553
0,"8e",142,5554
0,"8d",141,5555
0,"8d",141,5556
0,"8d",141,5557
0,"8e",142,5558
0,"8d",141,5559
0,"8d",141,5560
0,"8d",141,5561
0,"8e",142,5562
0,"8d",141,5563
0,"8d",141,5564
0,"8d",141,5565
0,77,119,5566
0,72,114,5567
0,74,116,5568
0,72,114,5569
0,74,116,5570
0,72,114,5571
0,74,116,5572
0,73,115,5573
0,73,115,5574
0,72,114,5575
0,73,115,5576
0,73,115,5577
0,73,115,5578
0,73,115,5579
0,73,115,5580
0,73,115,5581
0,73,115,5582
0,73,115,5583
0,73,115,5584
0,73,115,5585
0,73,115,5586
0,72,114,5587
0,74,116,5588
0,"8b",139,5589
0,"8d",141,5590
0,"8d",141,5591
0,"8d",141,5592
0,"8c",140,5593
0,"8d",141,5594
0,"8d",141,5595
0,"8d",141,5596
0,"8c",140,5597
0,"8d",141,5598
0,"8c",140,5599
0,"8e",142,5600
0,"8d",141,5601
0,"8d",141,5602
0,"8d",141,5603
0,"8e",142,5604
0,"8d",141,5605
0,"8e",142,5606
0,"8d",141,5607
0,"8e",142,5608
0,"8c",140,5609
0,"8f",143,5610
0,"7f",127,5611
0,70,112,5612
0,74,116,5613
0,71,113,5614
0,74,116,5615
0,73,115,5616
0,73,115,5617
0,72,114,5618
0,73,115,5619
0,72,114,5620
0,73,115,5621
0,72,114,5622
0,74,116,5623
0,73,115,5624
0,73,115,5625
0,73,115,5626
0,73,115,5627
0,73,115,5628
0,73,115,5629
0,73,115,5630
0,72,114,5631
0,73,115,5632
0,71,113,5633
0,84,132,5634
0,"8f",143,5635
0,"8c",140,5636
0,"8e",142,5637
0,"8c",140,5638
0,"8e",142,5639
0,"8c",140,5640
0,"8e",142,5641
0,"8c",140,5642
0,"8d",141,5643
0,"8c",140,5644
0,"8d",141,5645
0,"8d",141,5646
0,"8d",141,5647
0,"8c",140,5648
0,"8e",142,5649
0,"8d",141,5650
0,"8e",142,5651
0,"8d",141,5652
0,"8d",141,5653
0,"8d",141,5654
0,"8d",141,5655
0,"8e",142,5656
0,78,120,5657
0,71,113,5658
0,74,116,5659
0,73,115,5660
0,73,115,5661
0,72,114,5662
0,73,115,5663
0,72,114,5664
0,73,115,5665
0,73,115,5666
0,72,114,5667
0,73,115,5668
0,72,114,5669
0,72,114,5670
0,72,114,5671
0,73,115,5672
0,72,114,5673
0,74,116,5674
0,73,115,5675
0,73,115,5676
0,72,114,5677
0,73,115,5678
0,72,114,5679
0,74,116,5680
0,72,114,5681
0,76,118,5682
0,"8c",140,5683
0,"8e",142,5684
0,"8c",140,5685
0,"8d",141,5686
0,"8d",141,5687
0,"8d",141,5688
0,"8d",141,5689
0,"8d",141,5690
0,"8d",141,5691
0,"8e",142,5692
0,"8d",141,5693
0,"8e",142,5694
0,"8d",141,5695
0,"8d",141,5696
0,"8d",141,5697
0,"8d",141,5698
0,"8c",140,5699
0,"8e",142,5700
0,"8d",141,5701
0,"8e",142,5702
0,"8e",142,5703
0,"8d",141,5704
0,"8e",142,5705
0,"8c",140,5706
0,"8d",141,5707
0,"8d",141,5708
0,"8e",142,5709
0,"8c",140,5710
0,"8d",141,5711
0,"8d",141,5712
0,"8e",142,5713
0,"8d",141,5714
0,"8d",141,5715
0,"8c",140,5716
0,76,118,5717
0,72,114,5718
0,73,115,5719
0,72,114,5720
0,73,115,5721
0,72,114,5722
0,73,115,5723
0,73,115,5724
0,73,115,5725
0,73,115,5726
0,73,115,5727
0,73,115,5728
0,73,115,5729
0,72,114,5730
0,73,115,5731
0,73,115,5732
0,73,115,5733
0,73,115,5734
0,73,115,5735
0,73,115,5736
0,73,115,5737
0,72,114,5738
0,73,115,5739
0,73,115,5740
0,72,114,5741
0,73,115,5742
0,72,114,5743
0,74,116,5744
0,73,115,5745
0,73,115,5746
0,73,115,5747
0,73,115,5748
0,72,114,5749
0,72,114,5750
0,88,136,5751
0,"8f",143,5752
0,"8b",139,5753
0,"8e",142,5754
0,"8c",140,5755
0,"8e",142,5756
0,"8c",140,5757
0,"8e",142,5758
0,"8c",140,5759
0,"8d",141,5760
0,"8d",141,5761
0,"8d",141,5762
0,"8d",141,5763
0,"8d",141,5764
0,"8e",142,5765
0,"8d",141,5766
0,"8d",141,5767
0,"8d",141,5768
0,"8e",142,5769
0,"8e",142,5770
0,"8d",141,5771
0,"8e",142,5772
0,"8d",141,5773
0,"8d",141,5774
0,"8d",141,5775
0,"8d",141,5776
0,"8d",141,5777
0,"8d",141,5778
0,"8d",141,5779
0,"8e",142,5780
0,"8d",141,5781
0,"8e",142,5782
0,"8c",140,5783
0,"8f",143,5784
0,"7b",123,5785
0,71,113,5786
0,75,117,5787
0,73,115,5788
0,74,116,5789
0,73,115,5790
0,73,115,5791
0,72,114,5792
0,73,115,5793
0,73,115,5794
0,73,115,5795
0,73,115,5796
0,74,116,5797
0,73,115,5798
0,72,114,5799
0,72,114,5800
0,73,115,5801
0,73,115,5802
0,73,115,5803
0,73,115,5804
0,74,116,5805
0,72,114,5806
0,"7b",123,5807
0,82,130,5808
0,"7f",127,5809
0,80,128,5810
0,"7f",127,5811
0,81,129,5812
0,80,128,5813
0,80,128,5814
0,80,128,5815
0,80,128,5816
0,80,128,5817
0,80,128,5818
0,81,129,5819
0,80,128,5820
0,80,128,5821
0,80,128,5822
0,80,128,5823
0,80,128,5824
0,"7f",127,5825
0,"7f",127,5826
0,80,128,5827
0,80,128,5828
0,80,128,5829
0,80,128,5830
0,"7f",127,5831
0,80,128,5832
0,81,129,5833
0,80,128,5834
0,81,129,5835
0,80,128,5836
0,"7f",127,5837
0,80,128,5838
0,80,128,5839
0,80,128,5840
0,80,128,5841
0,80,128,5842
0,80,128,5843
0,80,128,5844
0,80,128,5845
0,80,128,5846
0,"7f",127,5847
0,80,128,5848
0,"7f",127,5849
0,80,128,5850
0,80,128,5851
0,80,128,5852
0,80,128,5853
0,80,128,5854
0,"7f",127,5855
0,80,128,5856
0,80,128,5857
0,"7f",127,5858
0,80,128,5859
0,"7f",127,5860
0,"7f",127,5861
0,80,128,5862
0,80,128,5863
0,80,128,5864
0,80,128,5865
0,80,128,5866
0,80,128,5867
0,80,128,5868
0,81,129,5869
0,80,128,5870
0,80,128,5871
0,80,128,5872
0,80,128,5873
0,81,129,5874
0,81,129,5875
0,80,128,5876
0,"7f",127,5877
0,81,129,5878
0,81,129,5879
0,"7f",127,5880
0,80,128,5881
0,80,128,5882
0,80,128,5883
0,80,128,5884
0,80,128,5885
0,80,128,5886
0,80,128,5887
0,81,129,5888
0,80,128,5889
0,"7f",127,5890
0,80,128,5891
0,81,129,5892
0,80,128,5893
0,"7f",127,5894
0,80,128,5895
0,"7f",127,5896
0,81,129,5897
0,"7f",127,5898
"};",,,
"unsigned int audio_PipeWarp_noheader_wav_len = 5898;",,,
